question1,question2,label
What should I do if I just got my period?,"I think I just got my first period, what should I do?",1
Where can make money online free?,How do I make money online without spending money?,1
Does the Milky Way Galaxy have an orbit? What about our universe?,Does the Milky Way revolve around anything?,1
Where can I get very professional furniture removal service in Central Coast?,Where can I get best assistance for the removal of furniture in Central Coast?,1
How can you determine the Lewis structure for NA2O?,How can you determine the Lewis structure for formaldehyde?,0
How is the M.tech in the technology and development branch at IIT Bombay? What are its placement statistics? What is the future scope for a Ph. D?,Is a provident fund deduction made from the stipend paid during M.Tech/MS/Ph.D. at IITs and IISc?,0
I have completeted my masters in information system management. is that a good decision to choose salesforce to work in usa?,"Is it a good idea to get my degree in finance even if I don't go to a top school? If I do choose finance, what will my job prospects look like vs. economics, accounting, or information systems?",0
"How can I build muscle in the shape of a Dorito? (slim waist, big chest)?",What are the best workouts for building back muscles?,0
"""What is an example of the word """"quizzical"""" in a sentence?""","""What is an example of the word """"distraught"""" in a sentence?""",0
What do Russians think of Kurds?,What do Russians think of Turks?,0
I'm 2 weeks pregnant and I don't want the baby; what should I do?,What is the best way to get rid of a 2-3 week pregnancy?,0
What do cricket fans think of Gautam Gambhir?,How many of you think Gautam Gambhir is underrated cricketer?,1
Which is the best (and maybe the cheapest) 3G plan for unlimited internet in India?,Is there any trick for unlimited 2g or 3g internet?,0
How many cups of tea can a person drink in one day before it becomes unhealthy?,Can drinking green tea have negative effects after drinking a modest amount like 2-5 cups?,0
What are some tips for CAT preparation?,What should be my approach and CAT percentile to get into IIMs?,0
What happened to the Cuban POWs captured by the United States in Grenada?,"Is the ingestion of hydrogen peroxide dangerous? If so, how can this be treated?",0
How much would the certifications cost to become an underwater welder?,How much would all the certifications cost to become an underwater welder?,0
Is there time when you’re dead?,Why do people only love you when you're dead?,0
How do I add videos from youtube to a playlist and then download that playlist?,Is there any way to download YouTube playlists?,1
Who invented the formula for Kinetic Energy (KE = 1/2 mv^2) and when should it be used instead of the formula for momentum (p = mv) and why?,Can an electron have zero distance to the nucleus? If yes then E=mv^2/2 - Ke^2/r will be there infinite energy? Maybe when an atom is fully shrinked?,0
What are some safe ways of burning 500 calories a day?,What is the simplest way to create 500 calories deficit per day?,1
"""What are some examples of sentences using the word """"incredulously""""?""","""What are some examples of sentences using the word """"articulate""""?""",0
What is your review of K. Bhagyaraj Tamil Movies?,What is your review of Tamil Movies That Challenged the Stereotypes of Their Time?,0
Do astrology really work?,Dose astrology really work?,1
Where can I find free boxes for shipping?,Where can I find free boxes for shipping textbooks?,0
What is address binding in memory management?,What is the difference between paging and segment in memory management?,0
What is the [math]\sqrt{-\dfrac{1}{2}}[/math]?,What is integral of [math]\dfrac{ln(1+x^2)}{\sqrt{1-x}}[/math] ?,0
What is natural selection in biology?,What is natural selection?,0
Why is AwePost the most controversial page on Facebook?,Which is the most liked page on Facebook?,0
How similar are Old Norse and Icelandic?,If I learn Icelandic can I understand old norse texts?,1
Which is the best laptop for BE students?,What is the best laptop for a programmer?,0
"Why is Caliph al-Baghdadi labeled as a terrorist in contrast to Muhammad who is revered as a Prophet, despite their similar ideology and actions?",Why is Caliph al-Baghdadi labeled as a terrorist in contrast to unlike Muhammad who is revered as a Prophet?,1
"Why the Kerala Nair marriages have minimal rituals, almost like a 5 minute wedding compared to the 5 day functions in north Indian weddings?",Has it ever happened in an Indian wedding that the bride got her period on the day of the marriage? What was the consequence?,0
How do payroll companies make money?,How companies make money?,0
Is JIUDUIDODO a good shoe company?,Is lotto a good shoe brand?,0
What is the best ABS CORE workout I can do everyday to get a flat stomach?,What is a good home workout schedule to get flat stomach quickly?,0
Does shaving make facial hair grow faster?,"Is it true that if you shave, your beard will grow faster?",1
What are some ways to live luxuriously?,How can I live a luxury lifestyle?,1
What is the best method to bypass the K9 Web Protection? Is it possible to change its settings without a password?,"Can a Wordpress child page be set up so that it is accessible with the same password as its parent page, without re-entering the password?",0
How do I save long-term capital gain tax from property in India?,How should long term capital gains be invested in order to save tax?,0
Can we know who is peeping at my Quora profile?,How do we know who viewed our Quora profile?,1
What can I do to attain the title of miss fresher in freshers party in college?,What can I do to attain the title of miss fresher in freshers party?,0
What are some common habits people tend to have when eating?,What are some common habits people tend to have when exercising?,0
What are the best exercises to improve the sculpt your butt?,What are the best exercises to improve your balance sculpt and your butt?,1
What kind of people study economics?,Why do more and more people want to study economics?,0
"If you could wake up tomorrow in the body of someone else, who would it be?","If you could wake up tomorrow in the body of someone else, who would it be? Why?",1
Is faster than light travel possible?,Is there any way to travel faster than light?,1
Why didn't Sandor Clegane have a dog?,Why is Sandor Clegane called a dog?,0
What is the salary after completing MBA from IIM?,What is the salary after completing MBA HR?,0
What is maturity?,What can be termed as maturity?,1
Why does it seem that the majority of persons using Quora are politically liberal?,Why do people on Quora seem to be mostly liberal?,1
What are the easiest ways that a college student can earn money?,What are the easiest ways college students find to make money?,1
Is Islam really a peaceful religion?,Is Islam really a religion of peace?,1
How can I send money to a PayPal user without having my own PayPal account?,Why is my PayPal account limited?,0
What is the best book on philosophy that you have ever read?,Which is the the best philosophy book you have ever read?,1
What Youtube videos do you watch?,What can I do to watch 'unavailable' videos on Youtube?,0
Is it ever okay not to add work experience to your job applications?,I will love a girl because of her sweet personality so I find true love without reason stupid. Do you think that true love without reason is stupid?,0
What should I do if my saliva stinks?,How can I reduce excessive saliva in mouth?,0
Why is this JavaScript code not working?,Why doesn't my JavaScript code work?,0
What type of USCE is the best for international undergraduate ( not my final year ) medical student in USA ?,What are the chances of getting admitted into the PhD program for computer science at the universities in the USA after undergraduate studies for international student without any research experience?,0
Why are Orlando wages so low?,What does India offer to Israel?,0
What is SETI?,What does Seti do?,0
What is the aim?,What is the aim of science?,0
When do you watch TV?,When do I watch TV?,1
How do I make my non Bluetooth TV Bluetooth enabled?,How do I connect my Bluetooth headphones to my Samsung LED TV (not a smart TV)?,0
How do you get rid of a addiction?,What are the best ways to get rid of an addiction?,1
What are the best interview questions?,What is the best interview question?,1
Which is correct: please find the attached file or please find attached the file?,"""""""Can you please"""" or """"Could you please"""" -- which is correct?""",0
Why do some people enjoy a quick sniff of gasoline?,Why do some people like the smell of gasoline?,1
What is pulse code modulation? What are some applications of it?,What is the pulse code modulation?,1
Is it okay to wear a black shirt with khaki pants?,What pant should I wear for a white shirt?,0
Which are some of the engagement trends of the rich and wealthy people ?,Which are some of the engagement and consumption trends of the elite and rich people?,1
What is the acceptable TDS level of drinking water?,Does low TDS water means low minerals?,0
How long does a temporary lock last in snapchat?,"On Snapchat, how long does someone stay in the added me section — a day, a week?",0
What is best free one page theme for WordPress?,What is the best free WordPress theme?,1
What do you think you missed out on in life?,What am I missing out on in life?,0
What are the symptoms of a herniated disc?,What are the symptoms of herniated disc in thoracic spine?,0
"For external hard disks, which is a better company, WD or Seagate?",Which is the best brand to buy a 2 TB external Hard Drive in India?,0
How do I manage money in manipal?,What are some good ways of managing your money?,0
Why is it important to study literature?,What is the point of having literature?,1
A Song of Ice and Fire (book series): What is the best theory you have heard about the origin of the Others aka White Walkers?,Is Jon Snow really dead? What's his fate?,0
Is this true?,What is the real story of giant humans?,0
If I block my number and call someone but I get busy signal?,How can we call someone from his own number?,0
How is vanilla extract made?,How do you make sugar cookies without vanilla extract?,0
What is the thing you like about India most?,What are the five things you like most about India?,0
Which is the strongest character in MAHABHARATA?,Who was the strongest character in Mahabharata?,1
Will Donald Trump be as bad as George W. Bush?,How does Donald Trump look back on George W. Bush's presidency?,0
"I have started developing feelings for my female friend. How do I deal with it, without ruining my friendship?","I have developed feelings for a girl I am friends with and don't know if she likes me too, what should I do as I don't want to ruin our friendship?",0
Why do some Americans believe Edward Snowden is not a hero?,"How does the world today see Edward Snowden, as a hero or as a coward?",0
"Is it mandatory to have 10,000 Thai baht when entering Thailand for a visit, or can I carry the amount in my ATM card and use it when I need it?",Why are ATM fees 180 Baht / about US $6 in Thailand no matter how much money you withdraw?,0
How safe it is for a dog to be cleaned with human shampoo?,Is human shampoo safe for dogs?,1
Will superman come back to life in next movie after Batman v Superman?,Why didn’t anyone see Batman v Superman's failure coming?,0
"Between the ages of 20-25, am I a teenager or an adult?",Are breakups harder on teenagers or adults?,0
Is IBM GBS a BPO?,What is the job profile for a person working at IBM GBS?,0
What is the best way to reduce weight fast?,What are the best ways to lose a lot of weight as quickly as possible?,1
How does a solenoid work? How does it create a uniform magnetic field?,When there is maximum emf in rotating coil in uniform magnetic field then what will be the flux?,0
What is maximum real power transmission?,What is the significance of frequency in power transmission?,0
Which phone should I buy Moto Z Play or OnePlus 3T?,Should I buy OnePlus 3T or should I go for any other phones of the same price range?,0
What did Steve Jobs study in college before dropping out?,Why did Steve Jobs drop out of college?,0
Was Turkey justified in shooting down the Russian jet?,Did Putin want a Russian jet shot down to escalate the conflict and justify coming military moves?,0
What a person should do? Whatever he is expected to do IDEALLY or whatever his HEART says?,"Intel m3 m5 and m7, are there efficiency differenceces between them?",0
What is the best time to read MBA?,What is the best time to read?,0
What causes bad breath?,What is the best way to avoid bad breath?,1
Which operating system do most programmers use?,What operating system do most software engineers use?,1
Why do evolutionists lock questions asking for a way to falsify the theory of evolution?,Why are mice and not primates used in scientific experiments to study human behaviour when we are closer to the latter? Does it pose a question on the theory of evolution?,0
How can I stop procrastination?,How can one stop procrastinating COMPLETELY?,1
What is the best way to handle child who is not good at studies?,How can I improve my chess skill?,0
"How has humanitu allowed jewnuts to destroy 80% of its prosperity, progress, peace, productivity and pride?",The Technological Singularity: How will humanity sustain its excitement and enthusiasm to live and prosper indefinitely after aging is reversed and cured?,0
What are some ways of dying without feeling any pain?,What should you do when you feel like sleeping forever without having to go through the painful process of dying?,0
How do terrorist organisations get money?,Where do terrorist organisations get money from?,1
How do l see who viewed my videos on Instagram?,How can I see who viewed my video on Instagram but didn't like my video?,1
What is the longest running research program in the world?,How many researchers are there in the world by 2016?,0
What death on Supernatural made you the most angry?,How would you rank the most powerful individuals in Supernatural?,0
How did vivaldi make a lasting impact on classical music?,Google database software?,0
"What is a suitable solar panel installation provider in Hesperia, California CA?","Which is a suitable solar panel installation provider in Berkeley, California CA?",0
Can I use earbuds to chat on Xbox one?,How do I fix my Xbox one party chat?,0
Should I quit my first job after two months?,Is it ok to quit my first job after 6 months?,0
What is the best place to work for among the following Indian start-ups/companies and why?,I want to know which place is best for an Indian to work having degree but no experience?,0
What does the universe expand into?,"If the universe is expanding, what is it expanding into? And how will this effect us?",1
"How cold can the Gobi Desert get, and how do its average temperatures compare to the ones in the Sahara?","How cold can the Gobi Desert get, and how do its average temperatures compare to the ones in the Chihuahuan Desert?",1
"Who is scarier to be elected as president, Donald Trump or Hillary Clinton?","Who's worse, Trump or Clinton?",1
What happened with Sony Xperia mobile phone company?,Is the Sony Xperia z1 a good phone to have right now?,0
How do I know what I want to ask?,How do I know what I have to ask?,1
What is the cut off in coep for mechanical girls?,What is the cut-off for COEP?,0
How sane it is to marry inter religion without the knowledge of parents?,Who is the smaller people in the world?,0
When will there ever be a cure for autism?,Should autism be cured?,0
How do I get all the list registered to your gmail account?,How do I get a list of all my Gmail accounts?,1
Who uses cryptography today?,Who uses cryptography?,1
Has there been any discussion revealed as to how involved Donald Trump's children will be in his newly elected Presidency?,"How would you describe your Lanterna Education job interview, and what would you advise someone applying for tutorship at Lanterna Education?",0
Why has the Tata Sons Board voted to remove Cyrus Mistry as chairman?,Why was Cyrus Mistry removed as the Chairman of Tata Sons?,1
"Which CMS is better for e-commerce: WordPress with WooCommerce, Webnexs, Magento, or OpenCart?",Why Magento is the best e-commerce platform?,0
Are there really 8 planets and 1 dwarf planet in the solar system?,What are the dwarf planets in the solar system?,0
How are tennis grand slam draws determined? The question arised when I realised I have never seen Federer and Nadal compete in a first round match.,What do professional tennis players say to each other at the net at the end of a Grand Slam match?,0
What does it mean for Muslims now that anti-Muslim activist Katharine Gorka has been named to Homeland Security Transition Team; internment camps?,Anti-Muslim activist Katharine Gorka named to Homeland Security Transition Team; do internments camps for Muslim loom even closer?,1
What is the spelling of all the letters or alphabets in English?,How many combinations of three letters in a 26 letter alphabet are there?,0
I have an IQ of 147 and I get easily bored. What can I do to prevent this?,"I have a high IQ, and I get easily bored. What should I do?",1
What are your thoughts on Malaysia government responds on MH17 incident compare to MH370 incident?,What are the possible repercussions of the Malaysia Airlines MH17 incident?,0
Where could a person feel the maximum gravity on earth?,How strong is gravity on earth?,0
How can I start a charity in India?,How can I start a charity as a teenager?,0
What are the best Binary options Trading strategy?,What are some good strategies to follow when trading binary options?,1
"Why does a superhero hesitate to kill a villain, when the villains are killing dozens of innocent people? When a person can kill dozens of innocents, why does he deserve to live?",What is it like to kill someone?,0
Why do we need antivirus software?,Why do I need malware protection?,1
How will the Indian economy benefit if GST is introduced?,How GST will affect Indian economy after it is enacted?,1
Why are people so closed off or even coy and dishonest?,Why do people duck when getting off a helicopter?,0
We say that like charges repel each other. How do protons remain stable in a nucleus in spite of having like charges?,Even if opposite charges repel each other why are all the protons attached at the same place in an atom?,1
How can I add participants to a WhatsApp group without adding them to my phone contacts?,Why can't I add a person on Whatsapp contact list to a group?,0
What makes someone creative?,What makes a person creative? Aren't we all creative?,1
What are some downsides of using the Rust language?,Which is correct: the winner-takes-all system or the winner-take-all system?,0
How good is the MacBook Pro for gaming?,"""How is the gaming performance on the MacBook Pro 15""""?""",1
What are the PPF benefits?,Can we invest in a PPF account as installments?,1
Who are some lesser known important historical figures of Serbia and what should people know about them?,Who are some lesser known important historical figures of Palestine and what should people know about them?,0
Which is your favourite Harry Potter movie and why?,What is your favorite film from the Harry Potter series and why?,1
What do Tolkien fans think of Howard Shore's score for the Lord of the Rings movies?,What do Tolkien fans think about the Lord of the Rings movie soundtrack?,1
What is demography?,How is demography studied?,0
"Is it dangerous to wear 24/7 a device like the Fitbit Flex, having the bluetooth always on?","Do you own a FitBit Flex, Is it worth buying?",0
How will you address the situation in Israel?,"If you have a manager that has not had the experience in your profession as you have had and they will not listen to you input, how would you remedy the situation?",0
How does communism affected by its ambivalence towards democracy?,What are credit obligations and why are they important?,0
What are the best sites to buy Twitter followers?,What is the best service to buy Twitter followers?,1
How can I get admitted to MIT?,How can I join MIT?,1
How do I write an essay on describing yourself?,What are some ideas for a satirical essay?,0
What are some popular examples of question websites like Quora and wiki answers?,Are there any alternative question and answer websites to Quora?,1
What is the difference between an inductor and transformer?,Can I use two mutually coupled inductors as a transformer?,0
"""Why had Churchill said, """"Islam to a man is like rabies to a dog. Islam is a deadly disease""""?""",Churchill's quotation on the evils of Islam got a UK man arrested. Would Winston Churchill be arrested if he said it today?,0
What is the deep internet?,What is the Deep Web?,1
Which is the best hatch back under RS 6 lakh?,Is it useful to get into PGP QSCM at NICMAR immediately after B.tech?,0
How do I get to speak fluently English?,What can I do to practice my English?,1
What is spoofing?,What does spoof mean?,0
How can I increase my English fluency?,What can I do to improve my English speaking?,1
Is there scientific evidence for rich males having higher mating success?,Can I become rich by having rich friends?,0
What is time travel theory?,What are some theories of time travel?,0
What is the best way to learn to play the guitar by myself?,Will I be able to learn to play the guitar all by myself?,0
What is a hypertonic solution? What are some examples?,What is a hypertonic solutions? What are some examples?,1
Asus: How do I update zenfone 5 to lollipop? My firmware is v 2.22.40.54.,When is the Asus Zenfone 5 A501CG going to upgrade to Lollipop?,0
"What are you views, pros, cons on ban of 500 and 1000 notes by goverment?",What do you think about the ban on 500 and 1000 denomination notes in India?,1
"How do I become the Top Writer on Quora, get more upvotes and better stats?","How does a Quora writer qualify as a Top Writer, and get those gifts?",1
"Passport police verification status pending, police officer says due to delay of verifying birth certificate, how much time does this usually take?",What is cirrhosis of the liver and can it be linked to cancer?,0
"Where can I get wide range of floor tile, wall tile and porcelain tiles in Sydney?",Where can I found best quality floor tile collections in Sydney?,1
How long does it take to get over depression?,Does one get over depression?,0
I am 14 I want to be a football player and want to play for big clubs but live in india what can I do?,Are non-volcanic islands floating landmasses which have nothing but water underneath them? Please see question details,0
What is the best solution for Kashmir problem?,What do you think is the best solution for the Kashmir issue?,1
In which countries can you still easily purchase unhomogenized milk?,Do the US universities accept 3rd year undergraduate international transfer students?,0
What’s the square root of -10?,What is the square root of 5?,0
Is the SBI Mother Dairy SmartChange card refundable?,How do I increase my SBI credit card limit?,0
What is Kingsway capital?,What is the issued capital?,0
How do I start a conversation with a guy?,How do I start a conversation with a boy?,1
Why does the left side of my throat hurt?,Is there anything wrong when I only feel the right side of my throat being sore while the left side doesn't feel anything?,0
What does hydrochloric acid do?,What is the chemical formula for hydrochloric acid?,0
How much minimum marks i need in neet 2016 to get admission in private medical college as well as govt college ?,How much marks is required to get admission in private medical college through neet?,0
Is it possible to see the pictures you've deleted on Instagram?,Can you see deleted Instagram posts?,1
What are some best books to prepare for IBPS PO?,What are the best books for preparing for IBPS PO's exam without coaching?,1
What are some major social faux pas to avoid when visiting Kazakhstan?,What are some major social faux pas to avoid when visiting Poland?,0
Modi Ji was very positive about the Lokpal before coming to power. Why hasn't he appointed a Lokpal committee yet?,Why has Narendra Modi not been appointed as Chief Information Commissioner and a Lokpal yet? Has he something to hide?,1
What are some legal places to do graffiti in Seattle/Bothell?,What are the best places to visit on a road trip from Seattle to San Francisco?,0
What do you think of the Government's move of banning old Rs. 500 & Rs. 1000 notes?,What are your views on banning 500 and 1000 rupee notes? How does it affect black money and is it really gonna work and expose all the black money?,1
"What is a good solar panel installation provider near Lemon Cove, California CA?","What is a good solar panel installation provider near Angels Camp, California CA?",0
Bridges (structure): What is the advantage of a K-Truss over other trusses?,Is a truss or an arch bridge more efficient in holding a centered point load? Why?,0
What are the best Nespresso capsule flavors?,Can I use Starbuck pods in my Nespresso machine?,0
What is the best time to brush your teeth?,When is the best time to brush your teeth?,1
"""Who is the """"destroyer""""?""",Who destroyed IIT?,0
"With 90 lakh in hand, what's the best way to invest it in India in order to get a monthly return of around 80K?",I received 20 lakh from my dad. What is the best way for me to invest this money to get the most returns in roughly 13-14 months?,0
"""How do I fix """"Could not demultiplex stream"""" on video playback?""",How do I install GCC 4.9.0 in Ubuntu 14.04 LTS to compile C++?,0
What are the best strategies of saving/investing money if I earn 1.15 lac rupees in foreign currency and can afford to save 10-15% of it?,What is the biggest obstacle to saving and investing money in Nigeria?,0
What is wrong with the educational system of the U.S.A?,What is wrong with the U.S. education system and how can students protest it?,1
What makes Awdhesh Singh so wise?,How did Dr. Awadesh Singh become so wise?,1
How will the Indian economy benefit if GST is introduced?,What are the advantages of GST for the Indian economy?,1
Which was the best film of 2016?,What has been the best movie of 2016?,1
How was blindness discovered?,My biggest dream is to swim with blue whales. What can I do to make this a reality?,0
What is bifemoral bypass graft surgery?,How Much does TTD (The Indian Temple) earn and how is it spent?,0
How can India get rid of corruption in police department?,Why are Indian police so corrupt? (There are few honest ones though),0
Are the sets of numbers that broadcast from private radio stations numbers only for the dark web sites?,The sets of numbers that are broadcast from private radio stations only for the dark web sites use?,1
What is the QuickBooks Support Phone Number in Los angeles?,What is the quickbooks customer support phone number USA?,1
I'm 44 years old. I want to invest in mutual funds in india. Which is the best mutual fund?,What is the best mutual fund to invest for a long term in India?,1
How is corn meal the same as corn flour?,How do corn flour and corn meal differ?,0
What are market forces?,What is market force?,1
Why do vets sell Science Diet?,What is the reason why vets recommend science diet?,1
What is the difference between expert system and artificial intelligence?,What is the difference between an expert system and artificial intelligence?,1
What traffic laws in Mexico are particularly hard for foreign drivers to get used to?,What traffic laws in Singapore are particularly hard for foreign drivers to get used to?,0
What was it like to go to your high school reunion?,What was it like to go to your high school reunion if you peaked after high school?,1
Do PSU employees get paid during study leave?,How much weightage does the numerical answer type questions carry?,0
How do I not get easily influenced by people's opinion and stop caring what others think?,How do I stop caring about what others think?,1
What are the best MOOC sanskrit courses?,What are the best MOOC courses?,0
How is Laravel/Symfony better than CodeIgniter?,Why do PHP developers love Laravel?,0
How do I evaluate limits of 1^infinify form?,How do we evaluate this limit:,0
What is the true intent/motivation and purpose of racism?,What motivates racism?,1
How can I find a job in Canada from India?,I am a clinical psychologist from India . I have 2 years of experience. I want to migrate to Canada. How can I find jobs in psychology sector?,0
"Why is something like grip strength, which is force, measured in units of mass (lbs or kg)?",What are some tools used to measure force?,0
Why are blue and red neon lights illegal or restricted for commercial uses in Brazil?,Why are blue and red neon lights illegal or restricted for commercial uses in Peru?,0
How can a person become a famous youtuber?,What is the formula for becoming a famous YouTuber?,1
How should I increase my height?,What do I do to increase my height?,1
Can a girl feel guy's boner in a tight hug?,Why do I always feel that I need a hug?,0
How much money is the Mona Lisa painting worth?,Artwork: What is the Mona Lisa worth?,1
"Is a Masters in management (MiM) Worth doing from USA? If Yes, Please Enlighten About Its Pros & Cons. (For A B.Com Pass out Student specifically).",Does communication cause miscommunication?,0
How can I make new friends as a junior in college?,How can I branch out and make new friends in college?,0
How could we measure pole strength of a magnet?,What affects the strength of a magnet?,0
What is the wittiest reply for 'how's life?'?,Who's the wittiest and most intelligent of raunchy comedians?,0
Who is Batman's greatest foe?,How many of Batman's foes end up in asylums and how many in prison?,0
Do eagles really lose their talons and beak during a rejuvenation or rebirth process to prolong their lifetime by 30 years?,"""What is meant by a """"rebirth session""""?""",0
Can Kohli be a better captain than Dhoni?,Who is a better captain Dhoni or Kohli?,0
How do I make myself study regularly?,How do I make myself like studying?,0
I have been selected as an intern for 2 months in TCS's Assurance services. Will they give any sort of stipend?,I have been selected for Lenskart for QA engineering. I have 2.5 years of experience working with TCS. Should I join Lenskart or stay with TCS?,0
Can I apply to US law school with a foreign 7-semester LL.B.?,Blood Clots Using Nanoparticles Can Save Many Lives?,0
Which country is best suited for doing an MS in ECE?,What country is the best place to study an MS in ECE?,1
How safe is Adobe Flash Player?,How do I install Adobe Flash Player on Lenovo S898?,0
"In your opinion, did Miss Philippines deserve to win the elusive pageant crown? Explain briefly.",How can these spending trackers that link to your credit card work? Are they safe?,0
Why do the press hate Trump?,Why is the media against Trump?,1
How do you see the future of IT industry in India?,What is the future of the IT sector in India?,1
"""How can I obtain a license for Coldplay's """"sky full of stars"""" for a 40 second usage for an event?""",Is Coldplay ever going to perform in India?,0
How widely accepted are credit cards at small businesses and restaurants in Colombia?,How widely accepted are credit cards at small businesses and restaurants in Mexico?,0
Where can I download Agents of S.H.I.E.L.D. season 2 complete 1080p (From Torrent in between 12-15 GB)?,How did the first episode of Season 2 of Agents of S.H.I.E.L.D. start out?,0
What is the most wrong someone has been when guessing your age?,Why is an aging population a problem?,0
How can I improve my soft skill?,How do I enhance my communication and soft skills?,0
Newton laws of motion?,What are Newton's three laws of motion?,1
What are the top online communities for women?,What are some good online communities?,0
What is the best way to reduce pore size?,How do I reduce pore size?,1
Why are there gender biased law in India?,Are laws gender biased in India?,0
What is the basis of the combination of Greek letters in naming fraternities?,How are letters chosen in the Greek sorority and fraternity system?,1
What is the purpose of your life?,Wanna ask someone please. What is life? And what is the purpose of our life?,1
Do you think that the new MacBook Pro (2016) is worth it?,Is MacBook Pro 2016 worth it?,1
What are some names you should not name your child?,What is the worst name for a child ever?,0
Why we cannot make a vehicle which can move at a speed greater than the speed of light?,Why can nothing move faster than light?,1
What are some great books to expand your mind?,What are some books that will expand our mind?,1
What is the craziest thing that you ever did in your life with your best friend?,What is the craziest thing you have ever done with your friends?,1
How do I clear the bank PO while working for 10 hrs?,How do I clear bank PO while working for 10 hrs?,1
What are some reviews of www.Oforo.com?,What is your review of Www.emjoyment.com?,0
Where can I get a good croque monsieur in the South Bay?,Where can I find the best Croque Madame in the Bay Area?,0
How can I get a list of my Gmail addresses?,How do I find my list of GMail addresses?,1
Why do codons consist of three nucleotides?,What do nucleotides contain?,0
What happened to Madame Tussaud's original collection of Napoleon relics?,How is Napoleon seen today?,0
Who will win if India & Pakistan go playing the chemistry educational game?,Who will win if India & Pakistan go to playing biology educational-game?,0
How do I install KVM and create virtual machines on Ubuntu?,Can I create a virtual machine from my native win7 OS?,0
What are some of the amazing facts about USA?,What are some amazing facts about the USA?,1
What are the best laptops for hacking?,Is MacBook good for hacking?,0
What can I do to stop worrying what others think?,How do I stop worrying about future?,1
Can a girl get pregnent without breaking up her hymen?,My period is 10 days late. Am I pregnant?,0
What's the most embarrassing way a authority figure has punished you?,Do we have any hope for Justice League movie?,0
What is the temperament of a Samoyed/Golden Retriever mix?,What's the temperament of a Corgi-Golden Retriever mix?,0
Has anyone survived a plane crash?,Have you ever survived a plane crash?,1
How do ATMs work?,How does an ATM machine work?,1
Which tech companies give out the best bonuses?,Which tech companies give out the best bonuses or equity?,1
What is your mothers maiden name?,"""What does """"mother's maiden name"""" mean?""",0
Which is the best and worst bank in India to open a saving account and why?,Which is the best bank to open a savings account in India?,0
What is www.imcbusiness.com?,What is www.expertchoice.in?,0
How can we calculate the ratings of circuit breaker?,What will happen if a circuit breaker installed is not of sufficient rating?,0
How do I post a question in Quora?,Quora: How do you post a question on Quora?,1
Is Chicago in danger of becoming the next Detroit?,Is Chicago in danger of becoming Detroit?,1
What is the funniest thing you have ever seen someone do?,What is the funniest thing that you have seen?,1
How does Atom compare with Sublime Text?,Can I see my file in Sublime Text 3? How?,0
Why are highways red between Omaha and Iowa?,"When is Google Fiber coming to Omaha, NE?",0
Why do we celebrate Vinayagar Chaturthi?,How long does DGCA take to allot a computer number for student pilots after application is received?,0
"""What was """"the thing"""" the president wanted to do at the end of the movie White House Down?""",How many times has white house been broke down in movies?,0
Is ICICI Bank Probationary Officer job is good or not?,How do I get a job in Punjab National Bank as probationary officer?,0
Can a data scientist be a freelancer?,How can I become a freelance data scientist?,0
How calculate points in ISL 2016 football?,What is the future of the field of statistics? Will it survive in the age of AI and deep learning?,0
What does this quote actually mean?,What does this quote mean?,0
How do you make a tutu from tulle?,How do I make a tutu with tulle?,0
Can we have one try block and multiple catch block?,I have sent a message on WhatsApp; it only has one tick and I can't see the last seen time - Have I been blocked?,0
How can I upload a pic from my timeline to make cover photo?,"""Unable to upload pics in FB when using on FB app in android. When I upload any photo, it says """"Facebook Upload Failed"""". What could be the reason?""",0
How can I hack Facebook?,How can I hack fb password?,1
Which is the best Panasonic service center in Hyderabad?,Where can I find Panasonic Service Center in Hyderabad?,1
"Do the Irish, Welsh, Scottish people despise the English because the English were the Germanic invaders from Angles?","Why do the “non-English” denizens in the British Isles (Scottish, Irish, Welsh) hold so much contempt for the English?",0
What is the difference between research paper and research article?,What is the difference between research paper and study paper for journals?,0
Do good project managers complete tasks them to meet customer deliverables if the team members responsible for the task do a poor job?,Do good project managers complete tasks themselves to meet customer deliverables if the team member responsible for the task does a poor job?,1
What are dubs and trips in 4chan?,What does it mean to be raided by 4chan?,0
Does the electoral college benefit Republicans?,Why does the electoral college favor republicans?,1
"Is Miami, FL dangerous? Why or why not?",How is life in Miami?,0
"How does cabin pressure in a plane change with altitude before it reaches 10,000 feet (is the plane pressurized to 4000 feet at 4000 feet ASL)?",How long can an airliner glide for?,0
How different is Quranic Arabic from modern Arabic language? Which one should I learn?,"I have interest in learning Arabic in an Arabic speaking country like Egypt, Saudi and the Emirates for the purpose of reading and understanding the holy Quran. What are some suggestions from Muslims?",0
Do trafalgar tours owns its buses?,"Can a person live healthfully off of nothing but salad and cage free eggs? If so, what would the salad have to consist of?",0
Why are 500 and 1000 notes being banned in India?,What could be the strategy behind banning 1000 and 500 denominations in India?,1
Does it turn off a guy if I drink 2cans of 4lokos in his car before going into the club/bar?,Does it turn off a guy to drink 2 4lokos in his car before going into a bar?,1
How do you find Chhattisgarh News Update?,Where do I find Chhattisgarh News?,0
Where can I get very friendly property transactions services in Sydney?,Where can I get professional advice for buying and selling a property in Sydney?,1
Can I find web designers on thunderquote?,Where can I find web designers?,0
Is there any place to give suggestions to Quora?,How can I contact Quora if I have a problem? How can I give feedback?,0
How accurate is the Myers-Briggs personality test?,How accurate is the Myers Briggs personality test?,1
Why did VLC media player choose a logo of a traffic cone?,Why does VLC media player use traffic cone as a logo?,1
Is there any way to compute estimating likelihoods for topic models using MALLET in Java?,Are there some new topics or ideas for website designing using Java?,0
How will Indian GDP be affected from banning 500 and 1000 rupees notes?,How is banning 500 and 1000 INR going to help Indian economy?,1
What effect will rising interest rates have on the commercial real estate market?,Will climate change and rising water levels open up new real estate markets? Where will they be located?,0
How is Pokémon GO played?,How do you play Pokémon GO?,1
How can I interface with Omnivision cameras such as this OV9712-A camera module?,What is autofocus camera?,0
How can I get traffic in my website?,How can I drive more traffic to my website?,1
Why is the triple point in p-v plot a line while critical point is a point?,Why is the triple point a line on a p-v plot?,1
What is your most amazing story in combat?,How come more dinosaur species are found in China than any other place?,0
What is the Casimir effect?,How does the Casimir effect work?,1
When will be the end of the world and why?,How will the world truly end?,1
Was World War II Inevitable?,What was World War II about?,0
"""Why does this IF formula """"=IF (J3:U3<X3,J3:U3)"""" returns FALSE? [Excel]""",Aftermarket 2 wheeler auto parts business viability?,0
How does one know if one is under surveillance?,How would you know when you are under surveillance?,1
What do you think of PM's decision on the banning of 500 and 100 rupee notes?,How do you see the PM Modi’s move of banning old 500 and 1000 rupee currency notes?,1
Who are some of the most beautiful women in their 40s?,Who are the most beautiful women over 40?,1
"Can you relate a case from personal experience when alternative medicine ruined the health of a person, where conventional medicine has a reliable cure?",Is there any case when the disease was cured with the use of only medicines?,0
What is holistic scoring in education?,I have scored 95.5% marks in Punjab School Education board class 12 in commerce stream. What should I go ahead with my career?,0
What are some interesting and little known facts about Alibaug?,What are some little known facts about Walmart?,0
"""In """"Penny Dreadful,"""" who is Vanessa Ives?""",How did Eva Green prepare for her role in Penny Dreadful?,0
How can I manage my anger?,What is the best way to control your anger?,1
How many films has Adam Sandler and Rob Schneider starred in together?,In which movie did we see peak Adam Sandler?,0
How do I contribute to increase tolerance in my local community?,How do I quickly reset my caffeine tolerance?,0
How to make money in the Indian stock market?,How to make money in the Stock Market with only $100?,0
What are the best things that I can do for my parents?,What is the best thing I can do for my parents?,1
Where can I learn hacking online?,Where can I go to learn hacking?,1
What are the best new Car gadgets technology that most people don't know about?,What are the best new products or gadgets that most people don't know about?,0
What is SKD light?,What is a light ray?,0
How can I make an array with variable size in the C language?,"In C/C++ language, Why is there a * sign before a variable, what does it do?",0
Can it possible to make a gn drive solar reactor?,Can it possible to make a solar reactor for the GN Drives of Gundams?,1
What will happen if catch block contains an exception in java?,How can we catch an infinite loop in catch exception in Java?,0
"Why does, sometimes, the sky gets orange when it rains at night?",I have a YouTube channel which is block but the payment in AdSense is availabel can me cash out?,0
Why should I learn C++ when I know Java?,What should I learn C++ or Java?,0
Is it possible to think of black holes as having no spacetime inside the event-horizon?,Is it possible to have the event horizon of a black hole without a singularity?,0
"I want to delete an old Instagram account back, but I don't know the password or the email I used. What do I do?",How can I delete an old Instagram account if I don't know the password for it?,1
"Hey, where are you from?",Disadvantages of english in yourcareer?,0
"What is your review of Medellin, Colombia?","What is your impression of Medellin, Colombia?",1
What were the effects and consequences of the Agricultural Revolution?,Who led the Agricultural Revolution? What are the long term effects?,1
What facts about Switzerland do foreigners not believe until they come to Switzerland?,What are some facts about Switzerland that the rest of the world doesn't know?,0
What are some favorite serendipitous moments from your life?,Will Jesus be labeled a lunatic if he comes back today?,0
Taxes in India: Can I download a soft copy of my PAN card?,"Is it safe to share PAN card scanned copy, Aadhar copy, Income TAX return, form16 , Photo etc online for loan from a financial company?",0
What are the factors that decides the temperature of a matter?,"How do I cure this problem of my face, What is it?",0
What is the best digital marketing course online for a beginner?,What is the best digital marketing course available online and offline in India and Why?,1
"What is the difference between taking physics, chemistry and maths higher level in IB diploma and taking the same subjects (PCM) in CBSE?",Where is stand up paddle boarding popular in usa?,0
How can I earn money using YouTube?,What are some ways to make money from YouTube?,1
Will there be a civil war if Trump doesn't become president?,Will there be a second civil war if Trump becomes president?,1
I want to live the rest of my life alone and without working. Is jail an appropriate option?,"I am feeling lonely and depressed. I am living alone, go to work alone, and rent a house alone. What should I do about this situation?",0
Why is it better to be circumcised?,Is it better to be circumcised or uncircumcised?,0
What is secular law?,What is secular?,0
Do fish feel thirst?,Does a fish get thirsty?,1
Who will win in a fight between Brainiac and (Star Trek) USS Starship Enterprise?,Who will win in a fight between (DC Comics) JLA and (Star Trek) USS Starship Enterprise?,0
What are the best new Car technology that most people don't know about?,What are the best new car products or inventions that most people don't know about?,0
I have forgotten my RRB roll number. How do I get the roll number back?,I am filling up the form for Mumbai University. I want to know whether the examination seat number is the same as 10th or 12th board roll. Is it?,0
What do 2/30 and net 60 on an invoice mean?,"I had ordered a $60 quadrotor from China last year. It got seized at Delhi customs office as they wanted an invoice. A year gone, can I retrieve it?",0
What are the best car accessories?,What Are Good Accessories For Cars? Where Do They Sell Car Accessories?,1
How do I flow traffic to my website?,How can I increase the traffic to a website?,1
Is there any way to study organic chemistry?,What are some tips for studying organic chemistry and biochemistry?,0
Is money lending without license is crime in India? Is it legal to charge 45% interest Per annum ? If it is crime then what will be punishment?,Why does crime require punishment?,0
"WhatsApp: I want to hide one contact on WhatsApp so that no one can see that contact, but that contact can message me. Is there a way I can do this?",Is there any way to send WhatsApp messages to someone not on your contact list?,0
What affects the gold price in India?,What determines the price of gold in India?,1
What is the value of [math]\left(3+2 \sqrt{2}\right)^{-3} +\left(3-2\sqrt{2}\right)^{-3}[/math]?,What is the value of [math]2x^2 - 7x^2 -2x + 1[/math] if [math]x=\frac{1}{2 + \sqrt{3}}[/math]?,0
What are some amazing facts about Africa?,What are some surprising facts about africa?,1
How do I start up a new cafe?,What are requirements I would need to start my own cafe?,1
"How did the British officers living faraway from home, wife and children handle themselves?","During British India how did the British officers living faraway from home, wife and children handle themselves?",1
How can I find all my old Gmail accounts?,How do I get a list of my gmail accounts?,1
How are rotation and revolution alike and different?,"Days relate to the earth's rotation, and years to its revolution around the sun. What other time measurements are based on naturally occurring cycles?",0
How many times should you wash your hair?,How often should you wash your hair?,1
How do I learn machine learning?,Should children in primary school learn programming - yes/no? Why?,0
What is the name of an Egyptian headdress worn by Pharaohs?,Why did the Egyptian language become extinct?,0
What is the day routine of district magistrate?,What is a typical day in the life of a district collector/DM (district magistrate)?,1
Who would win in a fight: Count Dooku or Saruman?,Who would win in a fight between Saruman and Count Dooku?,1
How do I start a blog and what are the best blogging platforms available?,Which is the best blogging platform?,1
What are some examples of a terrible trailer for a great film?,What examples are there of brilliant films with terrible trailers?,1
Can the electoral college stop Trump from becoming president?,"With the near tie now between Clinton and Trump, can the Electoral College for the first time be useful and stop a Trump presidency?",1
What does conversant do?,What can I do to be more conversable?,0
Why did Ataturk change the language and the alphabet of modern day Turkey?,What is the shortest sentence that has all 26 letters in the English alphabet?,0
Do you guys have any idea how are the Originals going to take down Marcel in season 4?,"Homeland Season 4: In episode 2, why don't the bad guys want the kid to make any more videos?",0
Is it possible to use the internet on a phone without Wi-Fi or mobile data?,How can I minimize the mobile charges by using Wi-Fi or mobile networks?,0
What is the cut-off for KVPY exam( SA stream ) 2016 and when are the results declared?,What will be the cut-off for KVPY SA stream in 2016?,1
Should I apologize my friend (mistakes out of pride)?,Shall I apologize to my egoistic friend?,0
How can poor people of urban area be uplifted?,How can the society uplift the poor people living in the urban areas?,1
"""In 'His Last Vow', what does Mycroft mean by saying """"East wind is coming Sherlock, it's coming to get you""""?""",What is your review of Sherlock Season 3 Episode 3 His Last Vow?,0
How do I learn constitution of India?,How do I read the constitution of India?,1
I recently came across a business idea website that sourced Facebook and Twitter for a near real time (new ideas upon page refresh) flow of business / web startup ideas. Can anyone suggest the site I seem to have forgotten?,"""I was recently driving down a road in Ithaca, NY and came across a house with a large wooden sign painted """"Impeach the lier Barack"""". Any idea why they would say that?""",0
What is the most disgusting thing you've seen in a restaurant?,What was the most disgusting thing you've seen a teacher do?,0
Is a third World War imminent?,"How close are we to World War Three, and how bad would it be?",1
"If I were going to try to contact a multi millionaire or billionaire to ask them to become my mentor or just for advice, how might I go about this?",How can I contact a multi billionaire and ask him for mentorship?,1
Why isn't Arduino used much in commercial products?,Which startups are using Arduino as the basis for a commercial product?,0
Which is the best app to download hindi songs for free?,What is the best defense a human should possess against mosquitoes?,0
What is the definition of reality?,"""""""What is the scientific definition of reality?""""""",1
What is the most positive trait you are willing to recognize in Donald Trump?,What are Donald Trump’s positive qualities?,1
"What are the best restaurants to try when visiting Assyût, Egypt? What should you try while you're there?","What are the best restaurants to try when visiting Alexandria, Egypt? What should you try while you're there?",0
What is engineerapplication.com's business model?,What is mywedding.com's business model?,0
What are the differences between INFJ and INTJ?,What are the differences between INFJ and INTJ? Which of the two am I?,1
What happens when you forgive?,What happens when we don't forgive?,0
Is a mixture of air and liquid air a pure substance?,"Is air a pure substance, or a mixture?",0
What fell out of Hillary Clinton's pant leg?,Was Hillary Clinton telling the truth when she said she had a short circuit when she claimed she told the truth about her emails?,0
How long does it take to drive across Russia?,Why did it take Russia so long to move in on Syria?,0
"What is the difference between e, è, é, ê, ë, ē, ė, and ę?","""Why do I always get confused between the usage of English alphabets """"E"""" and """"I""""?""",0
Is it safe to use castor oil at 36 weeks to induce labor?,Is it safe to use castor oil at 39 weeks to induce labor?,0
I am working in Dubai on husband visa & hv resigned & completed 30days notice.Employer is now threatening me for filing case of absconding.Solution?,Why was John Adams considered a good president?,0
"What is the origin of the Tall, Grande, and Venti nomenclature at Starbucks?",What is it like to work at Starbucks?,0
"Who is better: Raftaar, Yo Yo Honey Sing, or Badshaah?",Is it not Jeevatma attaches with the materials one can physically perceive and the Paramatma is of electrical/spiritual effect on the matter?,0
How do exterminators kill mice?,What exactly do exterminators do about mice?,1
What do Italians eat at home?,What do Italians like to eat for breakfast?,0
What are the main differences of culture and civilization rules between UK and USA?,What are the main cultural differences between the UK and the USA?,1
"Can anyone provide me some information about this brand, Black Gloma?",Is Uber known for ghosting applicants instead of sending rejection emails even after completing the panel interview round?,0
How much does it cost to create 3D model?,How much does it cost to 3d print a remote?,0
"Who contributed to Indian independence more, Gandhi or Sawarkar? Why?","Who contributed to Indian independence more, Gandhi or Sawarkar?",1
Which are the top five biggest scams in India?,What are biggest scams in India by fraud saints?,1
How do I remove Google custom search engine from address bar of Google chrome?,How will I change Google custom search engine to Google Chrome?,0
What are the most interesting products and innovations that C&J Energy Services is coming out with in 2016?,What are the most interesting products and innovations that Ceiba Energy Services is coming out with in 2016?,0
What is a git and where is use git in web development?,What is the use of git?,0
How rich would Mr. Krabs be?,How rich is Obama?,0
What are some chemical properties of halogens and alkali metals?,How are halogens and alkali metals structured?,0
What are some tips on making it through the job interview process at Advent Software?,What are some tips on making it through the job interview process at Progress Software?,0
What is a productized service?,What are some products or services for the 1%?,0
How can I become an investment banker in India?,How do you become an investment banker in India?,1
What's the best way to stop procrastinating?,I am in my late 20s and feel I have wasted a lot of time. Is it too late for me to achieve something worthwhile?,0
How does America see the rest of the world?,How does the rest of the world see America?,0
At what age is it accepted to use miniskirts?,How can you look at someone's private Instagram account without following them?,0
"For Fullstack Academy, as a new programmer what is the order for classes I should take?","I have learnt C++ programming in school in class 11 and 12. Now what should I learn to become a good programmer, and which online course should I take, and what are more topics and websites for C++?",0
How do I find the purpose of a life?,What is the purpose of your life?,1
How will you know you love someone?,How do you know if you have fallen in love with someone and not just like them?,1
How do I integrate 1/ (co^4x+sin^4x)?,How do we integrate 1/ √1+4x^2?,0
How do I root remix OS on virtual box?,Should I use VMWare Fusion or Virtual Box for Linux?,0
What are the names of the actors on the BuzzFeed videos on YouTube?,What is the name of the song in this YouTube video?,0
What is the maximum number of upvotes one answer can get on Quora?,Which answer has the maximum number of upvotes on Quora?,0
What are your views on the govt's decision of banning NDTV India?,What are your views on the government’s decision of banning NDTV India for a day?,1
Where is the best Samsung repair center in hyderabad?,Which is the best Samsung Repair Center in Hyderabad?,1
How are you going to make Donald Trump release his tax returns?,What will make Trump release his tax returns?,0
"Why are pharmacists required in a drug store? Why cant a person with the ability to read the prescription of the doctor, sit in a drug store?",Why does the US require extensive education for Pharmacists? Why can't an ordinary person sit in a drug store?,0
How do I increase confidence in public speaking?,How can you gain more confidence for public speaking?,1
What are some common syntax errors in writing?,What are some common syntax errors found in writing?,1
Why do Moroccans have bad teeth?,"Is bad teeth curable? I'm only 20 and I already have yellow, crooked teeth and some weird gross things in-between my teeth. Yes, I've been brushing.",0
Is there any way to redirect an image to a website page from Facebook?,"Why do people travel one person per a car, it is causing heavy traffic in peak hour?",0
Vegetables: Is broccoli that is turning yellow safe to eat?,How can eat more vegetables when I don't like many vegetables?,0
What is the fastest land mammal?,Is there any evidence of land mammals that evolved from marine mammals?,0
What is the best passive investment strategy?,What are some of the best investment strategies?,0
How can changing 500 and 1000 rupee notes end the black money in India?,How will the ban on 500 and 1000 rupee note stop black money?,1
Why did itsadatenight.com fail?,Why did SellBuyBook.com Failed?,0
Why does my nose get blocked when I sleep under the fan?,Why does my nose get blocked when I don't get enough sleep?,0
What percentage of Americans are introverts and extroverts?,Is it true that the American society skews to the extroverts (compared to the introverts) in general?,0
"""Why are the art pieces like """"Royal Red and Blue,"""" """"Onement VI,"""" or """"Mirror"""" so expensive? What are the notable things the purchasers have found in those paintings?""","""Who painted """"The Blue Ophelia"""" and why?""",0
Do people actually wear Timberland boots for hiking?,How do you clean Timberland suede boots?,0
What did Hitler think of India and Indian people?,What if Hitler would have ruled India?,0
What is the oldest religion on earth?,What is the oldest religion?,1
Which is the worst kollywood movie you have ever seen and why?,What is the worst movie you've ever seen?,0
Which are the major highways in California and how are they compared to the major highways in Alaska?,Which are the major highways in California and how are they compared to the major highways in Kentucky?,0
What are some things new employees should know going into their first day at Diamond Foods?,What are some things new employees should know going into their first day at Flowers Foods?,0
What is it like to be an electrical engineer?,What is Electrical Engineering?,0
How can I manage my anger?,What would be the best way to control anger?,1
What is best book for verbal ability aptitude?,Which is the best book for verbal ability?,1
What is the best tea?,What is the best tea in China?,0
What if India and Pakistan went on war today?,"If India and Pakistan went to war, what would happen?",1
What are some examples of fusiform muscles?,What are fusiform muscles? What are some examples?,1
What is getting out of comfort zone?,Why should we get out of our comfort zone?,0
Does Catholic restrictions on abortion and family planning explain the levels of Mexican and Latino immigration to the United States?,How difficult is it to immigrate to Canada from the United States?,0
Who opposed the 17th ammendment?,Who supported the 17th Amendment to the US Constitution?,0
How do you prevent an infected black head?,What causes an infected black head?,0
What can replace plastic utensils which are used in almost all the food places?,"Which would win, a woolly mammoth or a woolly rhino?",0
What are examples of flowers with three petals?,What are some examples of flowers without petals?,0
How can cashless transactions help an economy?,Is it possible to have a cashless economy in a country like India?,0
How do I find ackerman angle?,Its true pf balance sumbited to your account in two times?,0
Has any trick or any other way which shows my number on other’s whatsapp account if i saved his/her whatsapp number in my contact list but they've no,"If I change my phone number, do I still have to pay $0.99 for WhatsApp after the first year?",0
How can I lose weight safely?,How can I lose weight slowly and naturally?,1
Will dark energy ever be convertible to usable energy?,"""Is it possible for dark matter or dark energy to somehow convert into """"normal"""" matter or energy? If yes, how? Has it ever been documented?""",0
What are the best cinema schools in Germany for international students?,What's the best bank in Germany for a student ?,0
Do you'll think World War 3 will happen and why?,How will World War III begin?,1
What types of mental illness should disqualify someone categorically from buying a gun?,Do animals experience mental illness or are those conditions unique to humans?,0
Why induction motor does not rotate synchronous speed??,Why induction motor does not rotate synchronous speed? ..,1
What are the chances of war between India and Pakistan and its effects on India's economy?,How will the indian economy be affected if there is a war between India and Pakistan?,1
"I am a candidate from OBC background. I have got 84% in 10th standard and 89.6% in 12th standard. What should be my ideal CPI in college and the CAT score to get into IIM A, B, C?","I have X% in 10th, Y% in 12th and Z% in Undergrad, what should be my CAT score to make it to an IIM?",0
How do I get funded for a new app idea?,How can I get funds for my business idea?,1
Today is my birthday. Why does no one wish me a happy birthday?,How should I react when others are wishing me a happy birthday?,0
What are some ways to prepare for an MBA program? What certifications can be pursued which would add value to an MBA?,Does MBA from KSOU add any value?,0
What should do when nothing goes right in life?,What do I do when everything goes wrong in my life?,1
What is the easiest way to make residual income?,What are some good ways to make residual income?,1
When is 70% isopropyl rubbing alcohol better than 91%?,What is isopropyl?,0
How can you treat a swollen frenulum?,How do I deal with a swollen frenulum?,1
When is the best time of year to visit Japan?,When is the best time to visit Japan?,1
What should a newsletter look like?,"For those who work for a college/university, what does your daily internal newsletter look like?",0
What are the facilities available at Accenture offices?,What are the laundry facilities available in IIT M?,0
What are the best 3 star hotels in Bhopal city?,Which one is the best among Bhopal 5 star hotels?,0
Which smartphone would be best under 15000? (2016),Which is best mobile under 15000?,1
What are the best available smartphones gadgets?,What are some of the best mobile gadgets?,1
What are the safety precautions on handling shotguns proposed by the NRA in Michigan?,What are the safety precautions on handling shotguns proposed by the NRA in New Jersey?,1
What are some good sports for teenagers to play?,How many sports should a teenager play?,0
"Is the Pirate Bay Legal, If not why hasn't it been shut down yet?",Why hasn't anyone shut down The Pirate Bay permanently?,1
What is Java programming used for?,What exactly is Java used for? What things can I program using Java?,1
How do you ionize salt?,What does ionized salt look like?,0
Who do you want to be president and why?,Who do you want as president of the U.S.? Why?,0
Can you tell if someone logs into your twitter?,How can I tell when I first signed up for Twitter?,0
Does using Wordpress Multisite have any negative SEO impact?,What impact does an AJAX page load have on SEO?,0
What do the Houthis in Yemen want?,Who are these Houthis in Yemen?,0
"What should we eat for fertility, to get pregnant quickly?",Fertility: Can a woman in menopause get pregnant by IVF?,0
What does positive vibes mean?,What does positive attitude mean?,0
Who will be win in USA: hillary or trump?,Who will be the next president of USA: Hillary Clinton or Donald Trump?,1
How do I explain a 4-month gap between jobs?,Does a gap of 4 months after college matter for applying to a job?,0
What are some very good and real touching romantic novels?,Which are some good romantic novels?,1
"Which is better, western culture or indian culture?",Are we Indians losing our culture and values due to westernization?,0
If we sent robots to another planet and they had a few cells of human DNA on them could these develop over millions of years into humans?,"If within hundred of years, man could create new breeds, could not nature have done the same over millions of years?",0
Where are the distributed databases in use now?,Why use distributed databases?,0
Can a 7 year old girl get pregnant? lf yes how is that possible?,"Can you make a girl fall for you when she is already in a relationship with a guy for about a year? If yes, how?",0
What are stupid things you have done?,What stupid things have you done?,1
Is it possible to reform or rehabilitate a complete loser?,Is there anyone attending Arfeen Khan event tomorrow in Delhi?,0
How can I learn how to write the Biblical Hebrew alphabet?,How do you learn to write Biblical Hebrew?,1
What are the ways to join the Indian armed forces as an officer in final year of graduation and after that (especially engineering)?,Can a boy join the Indian armed forces after a BSc degree?,1
Who are the three players Dhoni refers to in the movie MS Dhoni to omit from the team?,Who are the 3 players that Dhoni refers to in the movie MS Dhoni: The Untold Story that were to be removed from the team?,1
How can I improve the growth of my beard?,How do I control the growth of my beard?,0
What is the best free video editing software to add captions?,What are some free video editing apps?,0
How did Heath Ledger prepare for his role as Joker in Dark Knight?,Will Heath Ledger be remembered forever only for his rendition of the Joker in The Dark Knight? Is Marlon Brando similarly remembered by the majority the most for The Godfather?,0
What are some additional important courses to do for a mechanical engineer?,What are the best additional courses for mechanical engineers for getting job?,1
Which is the best programming language to learn in 2017?,Which is the best programming language to learn for hacking? What are some books for beginners?,0
How do I be a smart assh*%#e?,Do people with avoidant personality disorder often choose people with narcissistic personality disorder as life partners?,0
Can people actively control their emotions?,How do I gain emotional intelligence and control my emotions?,1
Should people over 87 not be allowed to vote?,Should people over 90 not be allowed to vote?,1
Why did the US attack Iraq?,Why did the U.S. invader Iraq?,1
How can I get development projects in cognizant?,Are there any development jobs in Cognizant?,1
How can I really start losing weight?,How do I reduce my weight?,1
What is the QuickBooks payroll tech support number in Washington?,Which is the best QuickBooks data recovery support number in New York?,1
Does sharing my location still work if my phone is turned off?,How can you locate a phone if the Internet and WiFi is off?,0
"""Why do many people call Hillary Clinton a """"crooked"""" liar? What did she lie about?""",Politics: Why do people just ignore the fact that Hillary Clinton seems like a deceptive liar?,1
When crude oil prices will be stabilise?,When will the crude oil price stabilize?,1
What is the best way to unlock a Motorola Droid Bionic?,Can the Motorola Droid Bionic be unlocked?,0
Why haven't the Mexican people overthrown their corrupt government yet?,Why do some people in government become so corrupt while other remains honest?,0
Why shouldn’t milk be drunk with alcohol?,Can you get drunk with frozen alcohol?,0
How do I read quickly?,How can I read more quickly?,1
Do you think scrapping of 500 and 1000 rupee denominations is going to eradicate corruption?,How banning 500 and 1000 rupee can affect black money?,1
How are careers in archaeology changing and what's necessary to stay current?,"How are careers in English changing, and what's necessary to stay current?",0
How can I get money/stuff I want?,How can I get an itunes card free? I really want one and I have no money. Any ideas?,0
What are some examples of 3 stanzas in poems?,What are some examples of three stanza poems?,1
What is the NumLk key used for?,How do I transfer file from cd to computer?,0
Is a non nicotine vape with just flavourings bad for you?,Is vaping without nicotine bad for you?,1
What is your absolute most favorite book of all time and why? Any suggestions?,"What is your favorite book ever, and why?",1
Where can I get the best digital marketing course (online & offline) in India?,Digital Marketing colleges in India?,1
"What is the best medical university to study medicine in Ukraine, Europe and why?","Which university provides the best to study medicine in Ukraine, Europe?",1
Who would be a better president: Hillary Clinton or Donald Trump?,Why would Hillary Clinton be a better president than Donald Trump?,1
What will happen if I eat a heavy breakfast and nothing else in a day for a month?,What happens if I eat a litre of ice cream a day for a month?,0
Why are Apple devices so expensive though their specifications are worse than those of Android devices?,Why are specs of Apple devices lower than Android devices at the same price point?,0
What do I do when someone asks to start a streak on snapchat?,"If you send someone snaps, but they don't reply or open them, will the streak stay alive?",0
When will Amritsar be totally upgraded?,"What kind of support India recieve from international monetary fund for liberalisation, globalisation and privatisation?",0
How can I earn 1000 rupee everyweek by investing 5k-7k in stock market?,How can one earn 500 rupee everyday in stock market?,0
Why there is no alternative to Robin Hood app in Europe?,How do I justify excise duty as a Robin Hood tax?,0
What is the monthly salary of chief minister of Delhi Arvind Kejriwal?,Chamath Palihapitiya: Is Arvind Kejriwal doing a good job as Delhi Chief Minister?,0
What are the differences between a sociopath and a psychopath?,What are the trait differences of a sociopath and psychopath?,1
Does this girl have daddy issues?,What can cause night sweats in a cold room?,0
Would gold be the only long term sound investment once US interest rate has been normalized?,Would it be smarter to invest time and money in day-trading or long-term investing?,0
"If my father dies, after how many days can we get access to his bank account?",Why should I wait a while to get a bank account after getting my SSN?,0
What do you think is in Area 51?,Where is area 51?,0
How would you describe yourself in 100 words?,How can you describe yourself in 300 words?,0
Who writes articles about celebrities on Wikipedia?,"Who writes, edits, and verifies Wikipedia articles?",0
What do the foreigners think about India as a whole?,What does foreigners think about India?,0
Success is not a destination but a journey. What is the real meaning of this phrase and how does it feel to have a journey towards success?,How do I encourage myself in the journey of success?,0
Where is Mount Villarica located and how does its eruptive history compare to Mount Popocatépetl?,Where is Mount Villarica located and how does its eruptive history compare to Mount Taal?,0
How do I find the exterior angles of a nonagon?,How is the formula for exterior angles of a polygon determined?,0
Is Rupert Murdoch Jewish?,Who is Rupert Murdoch?,0
What are some great scientific movies like Interstellar?,What other movies are like Interstellar?,1
"""What is a """"bubble"""" community?""",What is Bubbli?,0
How do Facebook victims sue for loss of earnings?,How do Facebook victims sue for losses?,1
Which is the best institute for preparing for GMAT in Delhi/NCR?,What are some of the best coaching institutes for GMAT in Delhi/NCR?,1
What is the method to calculate atomic mass?,How can we calculate atomic mass?,1
How important is punctuality in business?,Why is Dropbox important for business?,0
Medicine and Healthcare: What are the effects of health insurance on health innovation?,What is premium in health insurance?,0
What are the most followed topics on Quora in 2016?,What are the most followed topics on Quora 2016?,1
What are the best SEO practices for 2016?,"""""""What are the best SEO Practices for 2013""""?""",0
How do you evaluate success?,How can I evaluate A?,0
Can an intersex person (hermaphrodite) get pregnant?,How do you get pregnant at 13?,0
"What strikes first time visitors as special or unusual when they arrive in Haeju, North Korea?","What strikes first time visitors as special or unusual when they arrive in Phyongsong, North Korea?",0
Did the Mahabharata really happen?,Did mahabharat really happen?,1
What should I do? How can I be happy?,How can be I happy?,1
What are the things that I should know about the share market? How do I invest in there? How do I buy and sell a share to others?,I have no knowledge about the share market or stocks. From where can I start to make good investments in India?,0
"What are the newest or best gadgets, tools, techniques that help one learn quicker, memorize tons of complex books, sleep less, or be more alert?",What does non-cooperative game means?,0
What is the difference between an AC and DC generator?,How do the AC and DC motor work? What is the difference between how they work? What are some applications as well?,0
What function does the nose has in the respiratory system?,What is the larynx function in the respiratory system?,0
Why is the war happening in Syria? Who is involved and why?,Why did war start in Syria?,1
What is the best wireless subwoofer?,What's the best wireless sound bar for a TV?,0
How can I become a better visual thinker?,How can one become a better thinker?,0
How do I overcome existential depression?,How do I get over existential depression?,1
How can I register my Motorola device for a soak test?,When does Motorola M is going to get Android N update?,0
Does wearing glasses make your eyesight worse?,Does wearing glasses make my eyesight worse?,1
"If I theoretically reach the speed of light, does an observer see my clock as stopped? What if I theoretically surpass the speed of light?","If (theoretically) I reach the speed of light, does time apparently stop? If I surpass the speed of light, does time appear to go backwards?",1
Is Eastern Washington University a good school?,Why is Karnataka government not investing in infrastructure in other cities like Mysore or Mangalore?,0
Where do I buy a 2 piece bikini in Mumbai?,Can one wear a slinky 2 piece bikini in Goa?,0
What all songs did Coldplay sing in Global Citizen India concert?,What do rock stars do after a concert?,0
What are some of the greatest arguments against the wearing of hijabs among muslim women?,Do Muslim women have to wear hijab?,0
What are the ways to test at home if the milk is pure or not?,Is there any Milk Brand in India that provides 100% pure milk without any human contact?,0
How can I score more in English writing section?,How mach money gave under the NPS scheme in each person?,0
"I'm helping a boy in my school that is overweight and is being bullied. I think he started getting feelings for me, what should I say?",I love a boy very much and I think he likes me also. But I'm not ready to tell him that I love him. Why am I not able to tell him about my feelings?,0
How should I approach this? (IIT JEE),What should I do to get out of this situation?,0
What has been your weirdest dream?,What is your weirdest dream you remember?,1
Would Finland's universal income become globally contagious?,"Is Finland's trial, to give 2,000 citizens a guaranteed monthly income of €560, regardless of financial or employment status, likely to be successful?",0
Leonardo da Vinci: Are there any criticisms of the Mona Lisa?,Leonardo da Vinci: Is Mona Lisa overrated?,0
How did Dumbledore defeat Grindelwald if Grindelwald was in possession of the Elder Wand?,What aspects of the story would be changed if Dumbledore had united with Grindelwald and sought to rule over the muggles?,0
Who are some interesting people that have been banned by Quora?,Is therapy more effective in teenagers than older adults? (esp. b/c teens have lower emotional intelligence),0
"""How is the word """"wring"""" used in a sentence?""",How is the word 'austerity' used in a sentence?,0
Would a year on Earth be shorter if our planet was orbiting two suns?,Which action game is best on ps 4?,0
How do I escape from 'who viewed my profile - Whatsapp'?,How do I know if someone viewed my profile on Whatsapp?,0
Are engineers overpaid?,Why are engineers so overpaid?,0
Why did Gandhi shave?,Shaving: Do electric shavers work better than manual shavers?,0
Is there any way to get rid of fat soluble drugs without losing weight?,Is there any way you can get rid of the fat soluble drugs stored in your fat without weight loss?,0
How does wind affect precipitation?,How does the precipitation affect the weather?,0
How do I grow hair close?,What are some tips for growing strong hair?,0
Can the Supreme Court of India order the Union Government to dismiss the Karnataka Government for breaching its orders on Cauvery water release to TN?,What should the Supreme Court do if Karnataka fails to abide by its orders on Cauvery water release to TN?,0
Are data carrier rates justified in the US?,Will LTE work for OP X in Kuwait?,0
Why are people nowadays so sensitive to people's body odor?,Why do people get so agressive nowadays?,0
Beauty Products: Is a mud mask supposed to burn your face?,What is best creams for burn marks on face?,0
How well tamil nadu political parties got benefited from the anti hindi agitation that happened in tamil nadu in the past?,Who benefited the most from the anti hindi agitation that happened in tamil nadu in the past?,0
Do any male flight attendants wear pantyhose?,Which one of the following is a stronger acid (C13CCOOH or CH3COOH )and why?,0
What does P.S. really mean?,What does etc. mean?,0
Who is the best private GMAT instructor in Gurgaon?,What are the best coaching institutes for GMAT preparation in Gurgaon?,0
What do linguists think of the movie Arrival?,What did Dr. Louise tell the the Chinese at the end in Arrival Movie?,0
My computer will boot but won't load the homescreen. It only shows a black screen with only the mouse visible. What is the problem?,I installed Windows 7 and Ubuntu on my machine but the dual boot screen or the screen that shows the selected OS is not showing. By default Windows get loaded. How do I solve this problem?,0
What are some disadvantages of living in Kenya (Nairobi)?,How much is from Nairobi to Cameroon?,0
"How popular is audio messaging (press and hold the microphone to record) in apps like WhatsApp, Viber, and WeChat? And why would people use audio messaging instead of a typed message?",How can I send WhatsApp message using java?,0
What religion was James Cook from?,Why was James Cook an important person to Britain?,0
"Among Axis, Citi, HDFC and ICICI, which is the best bank to open a new salary account?","Which bank is the best among HDFC, ICICI, AXIS, CITI, Deutsche, SBI, Kotak, YES, and Standard Chartered to open a salary account in India?",0
How do you remove a coconut oil stain from a cotton shirt?,How can we remove oil stains from silk sarees?,0
Why do we love people?,Why do people love people?,1
What are the social problems of India?,What are the social problems in India?,1
What youtube channels are best to learn Quantitative aptitude?,What is the best YouTube channel to learn quantitative aptitude?,1
What is your favorite violin song?,What heavy metal songs use violin music?,0
What are some things I should do now that I turned 18?,What are a few things that I should do before I turn 18?,0
What is disadvantages of fiber reinforce concrete?,What are the designs of fiber reinforced concrete?,0
Is water really incompressible?,Is water virtually incompressible?,1
Will Visine give you diarrhea?,Does Visine give you diarrhea?,1
Will religion eventually become obsolete?,In the future will religon become obsolete?,1
"If the universe is expanding, about which point is it expanding?","If the universe is expanding, at what point is it expanding from?",1
"Is this a good time to buy Apple stock (February 11, 2016)?",Is it good time to buy gold stock April 2016?,1
What is the difference between an alloy and compound?,What is the difference between a composite and an alloy?,0
What was the real reason behind the surgical strikes across LoC by the Indian Army? What will be its repercussions?,Has any foreign media or intelligence agencies confirmed India's surgical strikes on Pakistan's side of the LoC?,0
What are the symptoms of being bipolar?,What are the symptoms of bipolar disorder?,1
"I've 8 no. Of Sunburn 10 tickets. As sunburn10 venue might not be Goa, so we are selling ticket. Anyone interested, please comment.?",Do grades in university really matter? (more information below),0
What are some things new employees should know going into their first day at Universal?,What are some things new employees should know going into their first day at Starbucks?,0
Can the feminist theory of patriarchy in the US be considered as a conspiracy theory?,Is patriarchy a conspiracy theory?,0
Where are Kalamkari shawls made?,What are kalamkari shawls? How are they made?,1
How can I become a data scientist?,What are the most valuable skills to learn for a data scientist now?,0
At which company is it easier to get hired: Boeing or Airbus?,"How much more or less does it cost to an airline to operate a flight, which takes 40 minutes (about 350 km) with a Boeing 737/Airbus A320?",0
"""Where I would get  English translation of """"thane thane"""" song from 2 countries malayalam movie ?""","""Can someone provide the English translation of the Telugu song """"Chakkori"""" from the movie """"Saahasam Swaasaga Saagipo""""?""",0
What are the things that you can't do using Java?,"What are, if any, some of the things that can be done using C/C++ and not Java?",0
Who are the best signings for the Premier League this season (2016-2017)?,Is the 2016-2017 Premier League season the best to come with all the changes in management?,0
What are the best ways to start a conclusion paragraph?,What is the best way to write an opening sentence in a paragraph?,0
Can an officer in the Indian army get married before 25? What are the circumstances where it might be allowed?,"Is it true that an Indian army officer can't marry before 25 and without the permission of their seniors? If yes, why?",1
"What is the SAP course? What is the eligibility of taking the course, and is there any scope for Communication Engineering?","I'm a computer science graduate with 2 years of work experience as a software engineer. I want to take SAP course and change my job. Which SAP certification is best and has scope, opportunities, and good pay?",0
How would I make an electric motor produce electricity?,Can we produce electricity from urine?,0
Which is the reasonably good laptop under 30K INR?,What is the best laptop under 30k?,1
What are some good tips to study for the United Nation's Young Professionals Program (YPP) exam?,How can I study for the CPHQ Exam (Certified Professional in Healthcare Quality Exam)?,0
Is academic plagiarism morally wrong?,Why is plagiarism morally wrong?,0
Which is the best VPN in China?,What are the best virtual private networks (VPNs) for use in China?,1
Why do/ don't you think that there is (or should be) a life after death?,What do you think of life after death?,1
Instagram (product): How can I get a verified account on Instagram?,How do I verify my instagram account with a blue tick?,1
How can you pull up the sock-less look/attire (formal suiting but without socks) for guys with short heights without looking awkward?,Which is the most liberal Muslim country in the Middle East?,0
Is CA better than CFA?,Is a CA or CFA more difficult?,0
What would you say about The Park Trump Tower coming up in Mumbai and Trump Towers in Pune? Don't you think his policies would be favorable for India?,Is Donald Trump lying about seeing thousands and thousands of Muslims cheering in New Jersey when the World Trade Center came down on 9/11?,0
What is like owing a Yamaha R15 Limited Edition?,Which bike is best? CBR 250R or Yamaha r15,0
How can I automatically transfer news to my blog without violating copyright?,"""How can I get """"the latest"""" or """"breaking news"""" content on my blog without going out?""",0
I am in a process to loose weight. How much water should I drink in a day?,How much water should I drink to lose weight and have glowing skin?,1
Which Fortune 500 companies are more than 100 years old?,How many Fortune 500 companies are over 100 years old?,1
What will be the impact in the Indian economy of sudden 500 & 1000 rupee notes withdrawal of by the government?,What are the economic implications of banning 500 and 1000 rupee notes?,1
What can be the Themes for a toastmasters meeting?,How do I join the Toastmasters club of Delhi?,0
What is the Public Relations Society of America of San Diego? What do they do and how were they established?,How worth doing mtech in CS from industry?,0
How do I improve English writing capacity as a non-native English speaker?,What should I do to improve my English language?,1
Why should I crack Jee?,Is it possible to get into IIMs with low marks in graduation and 12th?,0
"How good is SIBM, Pune actually in terms of placement and academics?","Which is better SIBM, Pune or IIFT?",0
What is Hillary Clinton's diplomatic attitude toward India? If she becomes president what India should expect from her?,What will be Hillary Clinton's India policy if she is elected as the President?,1
I am an NITian of cgpi below 7 in ECE and in 3rd year. How can i get an internship which would ensure my placement after b.tech?,I am a 1st year student of ECE in NIT Jamshedpur. Apart from maintaining good grades what can I do to ensure me a job with salary of 10-14 lakhs p.a?,0
Why do people with Asperger's syndrome hate group homes?,What do you hate about group homes for autistic adults?,1
I have recently bought a Lenovo ideapad 300 with Intel HD 520 graphics…I want to know whether can I add a dedicated graphic card to it.?,Can a dedicated graphics card be added to a laptop that has an integrated Intel HD 520 graphics card?,1
Which is the best Smartphone under INR 15000 ?,Which is the best android device to buy under ₹15000?,1
Why do people complain about millennials?,What do people often complain about?,0
How good an actor is Vijay? Why do people call him Ilayathalapathy? I don't speak Tamil but I am interested in knowing more about him.,How famous is Tamil Actor Vijay around the globe?,0
How do yo stop your Boxer/Pitbull mix from biting your furniture?,How do I stop my dog from eating my furniture?,1
How can we get rid of religion and replace it with science?,How can we rid the world of religion?,0
How do I get to speak fluently English?,How can I learn & speak & write English?,1
Will there be a World War III soon?,Is World War 3 coming?,1
What are the most common symptoms of twisted stomach in humans? How is the surgery made?,What are the most common symptoms of twisted stomach in humans?,1
What would the world be like without news?,"If you were given two hours to be someone else, what person would you select to be and why so?",0
How do I reset my Facebook without access to the old phone number?,How do I recover my lost Facebook password without the phone number to get the sms?,0
How do I start a stock market?,How do you get started investing in stocks?,0
How do I create a good plan for studying Java/programming after learning the basics?,What should I learn next after basic Java?,0
How can I learn to build a compiler?,How do I learn designing a compiler?,1
What is ultimate purpose of life?,What is your purpose of life?,1
What are the best firms to use for one-off market analysis/competitor research reports?,How do I make a research report on Indian vacuum cleaner supply chain analysis? I have to do so for an interview and what excel skills should I use?,0
Does green tea really reduces weight?,Does drinking green tea for weight loss really help? Does it have any adverse effects on your skin?,1
Ofdm transmitter flowgraph?,Is AngularJS a good framework?,0
"""What is the word for """"tiger"""" in different languages?""","""How is the word """"happy"""" said in different languages?""",0
Can you suggest a best budget phone below 15k?,"Which phone would be the best for ₹15,000?",1
How do I become skinny if I'm skinny fat?,How can I lose belly fat if I'm skinny?,0
Is there any empirical evidence to support the existence of God?,Has science proven that God does not exist?,0
Why has the font of Quora changed?,Why did Quora change the fonts?,1
What is the retirement age in Greece?,What is the retirement age in Greece and in Germany?,0
How can I control my emotions and actions?,How should I control outbursts of emotions?,1
What are the best ways to speed up my computer?,How do I speed up my laptop?,1
Should India go for war with Pakistan?,Will India fight a war against Pakistan?,1
Traffic: How long is the commute from Foster City to Palo Alto in rush hour?,Traffic: What is the commute like from Berkeley to Pleasanton?,0
What is the first thing girls look for in guys?,What are the things that girls look for in boys?,1
How can I prepare smartly for UPSC CSE?,How can I prepare for UPSC CSE?,1
What are your favorite Chinese foods?,"What's your favorite Chinese food, and why?",1
What can I do with a minor in physics?,What is it like to minor in physics at MIT?,0
Is there any need of tempered glass or screen guard on gorilla glass 4?,Do we need a tempered glass or screen protector for Vivo V5?,0
Is it common for kids to get headaches?,Why I get headache after eating high carbohydrate?,0
How many Presidential duties will Trump hand over to Pence once he takes office? Will he be able to avoid the daily stress and demands of the job?,What can I teach poor childrens in a NGO?,0
Can both we take mass gainer and whey protein?,Should I take mass gainer?,0
Why is banana bread considered a bread and not a cake?,Is cake considered bread?,0
Do editors evaluate reviewers when they complete a review for them?,What are the medical requirements for afmc?,0
What should I know to become an data analyst?,What should a data analyst know?,0
What is better than Tubemate for downloading all videos?,What is better: using the YouTube offline feature or downloading videos using applications like TubeMate?,0
How does earth science affect your life?,When is a good age to start learning Earth science?,0
"Which internet service provider and router should I buy which can connect to phones, tabs as well as desktops?",What are some characteristics of the Kranz anatomy?,0
What exactly is the basic structure of the Indian Constitution?,What is basic structure of constitution?,1
How do people earn money through Instagram?,How can you make money with Instagram?,1
What do military leaders think of the military industrial complex?,What is the military-industrial complex?,0
Why are citric acid sachets used for cleaning stainless steel kettles while alkaline solutions are used to clean inside refrigerators?,When I open MS word in laptop (windows 7 ultimate…windows is activated) it is asking product key…how can I know my product key?,0
What can you take to lose weight fast?,Is there a technique to lose weight fast?,1
What do you learn in business school?,What do you learn at business school?,1
"If the Republicans historically were opposed to slavery and pro civil rights, why do African Americans tend to support Democrats?","After 50 years of support for the Democratic Party, most African Americans are no better off than they were before. Under President Obama, there twice as many in poverty than under Bush. So, why do African Americans still vote 80%+ Democrat?",0
What can I do to practice my English?,How can learn English?,1
What is the best language to learn programming?,What is the best programming language for beginners to learn?,1
What are some things new employees should know going into their first day at AT&T?,What are some things new employees should know going into their first day at Google?,0
What is a kernel?,What are Kernels in Machine Learning and SVM?,0
What's your take on immigration?,What you think on immigration?,1
What is the difference between an animal cell and a plant cell?,What is the difference between plant cell vacuoles and animal cell vacuoles?,0
What does it mean when a girl smiles at you?,What does it mean if a girl smiles at you but doesn't talk to you?,0
How do you feel when you fall in love?,What is it like to be in love?,1
How do I learn to talk less?,How can I learn to talk less?,1
Where can I find the best quality cupcakes in Gold Coast?,"Where can I get best flavors, designs and decorations for cupcakes at Gold Coast?",1
Is Dangal the best movie of Aamir Khan?,Which do you think are the best movies of Aamir Khan?,0
What are the things that we can do to bring change in Indian education system?,How can we change India's education system?,1
Which university in Ukraine is best for medicine and why?,"Which university is the best to study medicine in Ukraine, Europe?",1
How can I start getting into Politics?,How would one start getting involved in politics?,1
"How do I draw a 3 phase, 4 pole, 24 slots, double layered wave winding?",How do I use 3 pole MCCB as a single phase?,0
What are the requirements for being officially recognized as a religion in United states?,Would the United States be better off without the South?,0
Does dmw check for bench warrants when getting plates?,"If a bench warrant is issued, how is the person whom the warrant is for notified?",0
How long can it take to learn Java pretty well?,How long does it take to learn Java?,1
What do the different types of Uber cars mean?,How did Uber get its name?,0
Why current flow due to electrons?,Why is current due to the motion of the negatively charged electrons?,1
Can ground state and noble gas configuration be used interchangeably?,How is ground state and noble gas configuration used interchangeably?,1
How do I know someone's phone number if they add you in Snapchat by your number?,How to know the number of snapchat follower?,0
Can a Hindu go to mosque?,Is a Hindu allowed to enter a mosque?,1
When will India take back PoK from Pakistan?,Why India not demand POK (pakistan occupied Kashmir) from Pakistan?,1
I know PHP and C#. Should I learn Python?,Should I learn Python if I know PHP already?,0
"What would happen if, say, a contingent of Russian marines boarded a Nimitz class Carrier? What about if they captured it?","If a fireteam of Marines were to suddenly find themselves in Mordor about the time Aragorn began his campaign to bring down Sauron, what would happen?",0
Which are best dentists in Lucknow?,Who is the best dentist in Lucknow?,1
What do Bengalis think of people from Odisha?,What do other state people think about Odisha?,0
Do I need to have a high IQ score to become a good programmer?,Do you need to have a very high IQ to be a competent programmer?,1
Why do we feel headache?,Why do I feel headache?,0
Are there any animals that don't sleep?,Do all animals get cancer?,0
How can I hide my last seen online time in Facebook?,How can I hide my last name on Facebook?,0
What are some sites for downloading books?,What are the best sites for downloading e-books?,1
Which is the best Android tablet?,What is the best Android tablet to buy? Why?,1
Can a VFR airport operate IFR flights?,Flights: What is the best thing you can do when you are stranded in an airport?,0
What are the best psychological thriller movies of all time?,Which are the best brain twisting psychological thriller movies ever made?,0
Why is AGO called gas oil?,Is the oil and gas industry coming to an end?,0
What is a social justice warrior?,What does it mean to be a social justice warrior and what are the goals they are attempting to achieve?,1
"If you delete Tinder from your phone, will you still show up in the list of people who use the app to your friends?",My best friend got a Tinder match with my best friend and he claims he hasn't used the app in over a month. What is the longest notification time Tinder has for a match?,0
How does Trump's win affects Indian students planning for graduate studies in United States?,How does Donald Trump's win affects Indian students preparing for graduate studies in US?,1
How can I fix HP hard disk error 303?,How can I fix HP hard disk error 303 - 305?,1
"What are the best places to visit in Wayanad, Kerala?",What are some good beaches to visit in Kerala?,1
What have you learned from your life?,What did you learn from your life experiences?,0
What are the facilities given to teachers in Army Public School Ferozepur?,Does anyone has a review of Army Public School Ballygunge?,0
How do you fix a broken iPhone 4 external speaker?,How can you fix the speakers of an iPhone 4?,1
What universities does National Commerce recruit new grads from? What majors are they looking for?,What universities does Intel recruit new grads from? What majors are they looking for?,0
When is the best time to workout?,What is the best time to exercise?,1
What university is good for astrophysics in the UK?,Which university in UK offers the best courses in astrophysics and astronomy?,1
What are the best ways to travel the distance between Orlando and Miami?,What are the best ways to travel the distance between Miami and Orlando?,1
"""What is NSH? While tracking a dispatched passport I see """"item booked for NSH Gaya"""" and """"bag dispatched to NSH Gaya.""""""",What is NSH Kochi?,0
How do I registere car washing company?,What are some reasons why my PC crashes at the Windows logo?,0
Why is usain bolt usain bolt?,What are the best security enhancements for a startup bitcoin exchange pilot?,0
What should I absolutely not do when visiting your country?,What are the top four countries to visit in Europe?,0
"""Wisdom: """"If we really want to love we must learn how to forgive. -Mother Teresa"""" Is the quote really true? Is your self respect more important or forgiving someone?""",How can we attain true wisdom?,0
Are there luxury tours to Everest Base Camp?,How difficult is Everest Base Camp?,0
What does F.O.A.M. stand for?,"""What does """"m s"""" stands for?""",0
How was the toothbrush invented?,Where and how were toothbrushes invented?,1
How can I become fit and look good without going to gym?,How can I stay fit with out going gym?,1
What is the best way to prepare for verbal ability for CAT?,What is the best strategy to prepare and master the Verbal section in the CAT? ,1
If I hit someone in a fender bender can they skip the insurance part and go directly to court to sue me for damages?,My doctor told me to use triamcinolone on my private parts. The skin has been damaged. Can I sue him?,0
Who should join the Quora?,Who joins Quora?,1
What are some of the agents of weathering rocks?,A folder with subfolders in the server 2012 created it has to access from the outside with the static IP?,0
How do I learn all about Indian stock market before investing?,Where can I learn the basics of Indian stock market?,1
How much time does Jake Williams spend on Quora a day?,How much time do power users spend on Quora?,0
What is the easiest way to find the greatest common factor?,How do you find the greatest common factor?,1
What is the ideal time and number of hours one should sleep?,How much time for sleep does one need in a day?,1
What are the features Quora needs to add to make it better?,What features must Quora have?,1
How is school changing in the 21st century in Jordan?,How is school changing in the 21st century in Japan?,0
Why should we answer on Quora?,How does it benefit you to answer questions on Quora?,1
"How is that only Humans developed from Monkeys/Apes? Why don't we have something like evolved (thinking) Tigers, crocodiles and other speices?",Why did apes evolve into humans? Why couldn't other species like reptiles evolve into intelligent versions?,0
Is it possible that Russia and the US will fight a proxy war in Syria?,Is there a proxy war going in between Russia and US and its allies in Syria?,1
"What is the Sahara, and how do the average temperatures there compare to the ones in the Patagonian Desert?","What is the Sahara, and how do the average temperatures there compare to the ones in the Registan Desert?",1
What is it like to work with Kevin Turner in Walmart?,"It's my dream to work at Walmart, AR, USA. I am a civil engineering student. What are all the possible options for getting a job at Walmart?",0
Difference between a need and a want?,"I am in ba 2nd year and don't understand my subjects like history, pol sc., eco. I love maths and physics. what can i do now?",0
Why does my hard boiled eggs crack while I boil them?,What is the best way to crack hard boiled eggs?,0
Have you ever experienced something you can't explain?,Have you ever experienced something paranormal and no one ever believed you?,0
What is the lowest broadband plan in Airtel in Kolkata?,Do I need to pay an extra 1000 rupees if I want to change the existing plan to another plan in Airtel's broadband?,0
Which is the largest coal field in India?,Which are the potential coal mines in India?,0
What is ‘Lean UX’?,What is Lean Analytics?,0
What is a realistic scenario where Hillary Clinton will drop out of the presidential race?,What happens if Hilary Clinton drops out of race?,1
Why don't most of the female artistic gymnasts develop hips?,What causes female gymnasts' crotches to bulge out?,0
"What is the difference between a DC motor, a servomotor, and a stepper motor?",What are the differences between a DC motor and an AC motor?,0
How do you reply to an RSVP email?,"If someone doesn't reply to an email and I have to send a repeat email, should I pretend as if I didn't email them before?",0
Would you rather lose your job with 15 months' redundancy pay from a company you've worked at for 16yrs or get a new 'ok' job there with 20% pay rise?,How do I attend various camps in NCC Naval wing and list of camps with months when they occur?,0
Is it possible to find Rosberg's F1 Mercedes for sale?,Is it possible to find Rosberg's Mercedes for sale?,1
How do you get a contract job in Boston?,How can I get a contract job in the U.S.?,0
Who are Palantir's competitors?,Why is Palantir Technologies not profitable?,0
Why did Paul Manafort quit as Donald Trump's presidential campaign chairman?,How big of a deal is Paul Manafort's resignation as Trump’s campaign chairman?,0
How do prepaid mobile phones work?,How do prepaid mobile service plans work?,1
What are the most useful courses on Udemy?,Which is the most popular course field in udemy?,0
Does Greek mythology need to be capitalized? Why?,"""Why is the word """"I"""" capitalized?""",0
"What would be some, if any to organic farming?",What is organic farming?,0
Why do  people emotionally manipulate others in quora?,Are some people emotionally manipulating others on Quora?,0
Why are liberals trying to violate my second amendment rights?,"""Why aren't known violations of CP symmetry used to define terms """"left"""" and """"right""""?""",0
When is the form for CBSE class 12 improvement exam coming out for 2017?,How and when can I fill the form of Improvement exam of class 12 in 2017?,1
"I have read that the 24 spokes in the Indian national flag represent the 24 states at that time after independence. With the inclusion of five more states in India, should there be a change in the flag as well, to accommodate the initial logic?",What are some ideas for Indian state flags?,0
How good is 6.5 band in ielts?,How good is 6.5 ielts band?,1
What are the best ways to advertise a YouTube channel?,How can I improve a slow growing Youtube channel?,1
What are the functions of Rough ER?,What are the functions of the rough endoplasmic reticulum in plant cells?,1
What is the dumbest thing you have done?,What is the dumbest thing that you have ever done?,1
Why are humans such different animals?,How are humans different from other animal species?,0
How can we earn on YouTube?,How do I make money through YouTube?,1
"Is 80,000 pounds enough to live in london?","Is £50,000 a year a good enough salary to live in London?",0
Which are steps to be followed for a seat in Stanford University - Stanford Graduate School of Business with a financial aid from India?,How is Stanford business school compared to Haas Berkeley?,0
How do I quit asking bad questions and start asking great questions?,How can I ask great quality questions?,1
Why can’t I delete my own Quora question?,Is it possible to permanently delete a Quora question?,1
Why does fire has no shadows ?,Why does fire have no shadow?,1
Math projects on probability for grade 8?,Science is a collaborative endeavor and we stand on the shoulders of Giants! Who are your favorite 8 giants and why?,0
How much does each miner in Gold Rush: Alaska make per season? How much would that be per episode?,What kind of dog does the Hoffman crew have with them on the TV show Gold Rush?,0
how can I start something like wealthy affiliate in my country?,Application of lamina air flow?,0
Should I be feeling sad when I see other people with a happening social life?,What should I do when I feel jealous to see others enjoying their social life and I miss the same?,0
How is IOFS: Indian Ordnance Factories Service?,How do I get into Indian Ordnance Factories?,0
How can the Cost of Goods Sold be negative?,How would the Cost of Goods Sold decrease?,0
What are the most offensive questions on Quora?,What are some of the most offensive answers on Quora?,0
"""Where did Tartuffe meet Orgon in the play """"Tartuffe""""?""",How is Coffee Meets Bagel doing as of January 2016?,0
Why aren't ETFs popular in India? What type of investors should invest in ETFs?,Is it good to invest in ETF in India?,0
What are the legal separation laws in PA and how do they compare with the ones in Massachusetts?,What are the legal separation laws in PA and how do they compare with the ones in Connecticut?,0
How can I view someone's new followers on Instagram?,How can I search someone's follower list for a specific user on Instagram?,0
What is the best and quickest way to download the whole playlist of videos from YouTube all at once?,What is the name song used in this commercial?,0
What are some uncommon habits that contribute to success?,How can we overcome bad habits and becoming successful in life?,0
Can I be a fighter pilot if I wear contacts?,Would people with ADD make for better fighter pilots?,0
Why is there only vague reference to South Indian history in North Indian schools?,Why is South Indian history not taught in schools?,0
How does Hillary Clinton feel about radical Islam?,What does Hillary Clinton think about radical Islam?,1
Why do American documentaries and commercials generally have lower sounding male voice-overs than British ones?,Why are female tennis players worse than their male counterparts?,0
What is the most effective way to study maths in high school?,Whats the most effective way to study for maths in high school?,1
How can I read WhatsApp chats of another person?,How do I read someone's WhatsApp messages without any access to their mobile phone?,0
How do you balance a chemical equation?,How do I balance reactions in chemistry?,1
What is it like flying from Bangkok to Manila and how are these touristic cities compared to Chennai?,What is it like flying from Bangkok to Manila and how are these touristic cities compared to Baku?,0
What are some good online lectures on distributed systems concepts?,Is there a good online course on distributed systems?,1
How is the chemical formula for silicon determined?,How is the chemical formula of rubber determined?,0
How do I know if I am an introvert or an extrovert?,I feel lonely and bored alone and with people too. So am I introvert or extrovert?,0
How do I temporarily deactivate my WhatsApp account on an iPhone?,How do I move my WhatsApp account from an Android to an iPhone?,0
Does eating microwaved foods cause cancer?,Can microwave use cause cancer?,1
Can one overcome depression?,How do I overcome depression?,0
What are the best fitness/strength and conditioning books?,Does anybody think Trump is the modern Richard Nixon?,0
Is it possible to have a prolong period and test positive for pregnancy?,Can I be pregnant even after having a period?,0
How is simple harmonic motion linked to circular motion?,How is oscillatory motion linked to circular motion?,0
How different are Homo sapien sapiens from Homo sapiens?,"""When will """"Homo sapiens sapiens"""" evolves in """"Homo sapiens sapiens sapiens""""?""",0
What are reasons regular Americans would have for supporting US military presence in Europe?,Why would ordinary Americans want US military to stay in Europe?,1
What is the breakdown of tasks performed by Taskrabbit among all the offered categories?,Is there a site like TaskRabbit?,0
Who are Tesla's top competitors?,Who are Tesla’s competitors?,1
Why do most married men visit prostitutes?,Why do men visit prostitutes?,0
What is the best way to help a friend who is suffering from depression?,How can I help a friend who is experiencing serious depression?,1
If I follow someone on Twitter can they see how many times I view their profile?,"How can I have someone's profile taken down from Facebook, Twitter, LinkedIn, etc. if they have died?",0
What are some other websites like msofficelivesupport.com?,What are some other websites like this?,0
How do you type a ² (squared symbol)?,How do you type “2 to the power of I”?,0
What are the Mid-Atlantic States' major economic activity?,What are the major causes of economic problems in the United States?,0
What does surgical strike means?,Why is a surgical strike named so?,1
What do you think of India’s surgical strikes that took place against terrorists in Pakistan?,What you think about recent India's surgical strike in Pakistan?,1
Can India and China ever become friends?,Why cant China and India be friends?,1
Why is it impossible for a vector to have a negative magnitude?,Why is it impossible for vectors to have zero magnitude?,0
What is the name of chemical formula: NH3?,What is the chemical formula for sodium acetate?,0
"What is a short, useful, and generally applicable piece of wisdom?","What is the most useful, shortest and generally applicable piece of wisdom you know for a D&D Dungeon Master?",0
Is there any way to become a mutant?,Can we become mutants?,1
I'm new to anime. What animes would you recommend?,What are animes you recommend?,1
Which verse in the Quran is the most scarest scripture?,Which is better Buddhism or Islam?,0
Why did Michael Jackson undergo so much plastic surgery?,What might Michael Jackson have looked like at the year of his death had he never elected to have plastic surgery?,0
What algorithms exist to determine your most active users (top 10%)?,How can I find most active Instagram users?,0
What should I do to earn money online?,What is an easy way make money online?,1
How do I hide my SD card files from Android?,"I'm not able to delete files, songs, or pictures from my SD card. What do I do?",0
I am 18. I don't believe in love. I study most of the time or think about football. Is this attitude abnormal?,I completed my diploma in civil engineering in 4 years .can I go for btech?,0
Have you ever encountered any supernatural phenomenon in your life?,Have you ever faced any supernatural moment in your life?,1
What powers does the vice president have?,What powers should the Vice President be given?,1
"While slowing down, is it harmful to press the clutch along with the brakes in a manual car?","Should we press the clutch every time we slow down the car, even if we won't be shifting gears?",0
How do I reset my microsoft account password?,How do I recover/reset my AOL email password?,0
What is your longest journey?,What is the longest journey which you took in your life?,1
What is the difference between WLAN 802.11 b/g/n and 802.11ac? Which is better?,What does 802.11b/g/n/AC mean?,0
Does the Black Knight satellite actually exist?,What is the Black Knight satellite and does it really exist?,1
What are the best job boards to recruit in the Bay Area for retail jobs?,What are the top job boards in the Bay Area for retail?,1
How can we look into private instagram account without following them?,How do I see a private Instagram account?,0
What is the importance of hydraulics in civil engineering?,Could a hydraulic press create a black hole?,0
What does CURR_AVBL mean in irctc?,What does S12/79 means if I booked a ticket through IRCTC?,0
How do you overwrite the output directory when using PySpark?,Does it make sense to use pandas in pyspark?,0
"How can an educated medical doctor and author, student of 2orls history be a rabid Trump and Limbaugh supporter?",What are the most innovative ideas which you think will bring change?,0
What places should I visit during my visit to Kerala during July?,What are the best off-the-beaten-path places in Kerala for a tourist?,1
What are the possibilities of a nuclear war between India and Pakistan after the surgical strike attack on pok?,How many people think that India is heading toward war with pak after surgical strike?,1
What is minimalism in architecture?,What are the most essential minimalist cooking tools?,0
Which is the best Indian news channel?,Which is the best news channel on Indian television and why?,1
What are some mind-blowing phones gadgets that exist that most people don't know about?,What are some mind-blowing home gadgets that exist that most people don't know about?,0
How do I Create Good Quality Backlinks?,"How do I get real, good quality backlinks?",1
What could you replace the Happy Birthday song with?,My sim card previous call detail?,0
How does WhatsApp know Indian mobile numbers require 10 digits?,I want to know number of whatsapp users in jaipur? Please help,0
What must I do to be saved?,How can we be saved?,1
Can you lose weight by eating just grilled chicken?,"On the LCHF diet, is it possible to eat too much fat?",0
What represents typical account fees?,What is stamp fees?,0
What are some of the best private engineering colleges in India?,Which is the best private engineering college in india?,1
What does dialogue mean and what is the example for dialogue?,"What is the best job for someone who likes talk to people, advise them and also dialogue with them?",0
Is it safe to touch stray dogs?,Is it ok to kill stray dogs?,0
"Why do narcissist stalk former victims? If they discard, what is the reason?",What's the main reason you would stalk an ex?,0
How can one be a sith lord?,I was invited to a big birthday and I said yes however a day later I realized I could not go anymore. How do I decline without hurting their feelings?,0
Were Trump's children born via IVF or did he actually inseminate a woman?,Is the celebration of Nehru's birthday as Children's Day justified?,0
Hoe does cross culture management work in NTPC?,Is losing your vision in ONE eye as bad as it sounds?,0
Which continent has seen the most wars over the course of known human history?,What is the most stepped on square foot/spot by humans over the course of history?,0
What famous rappers are bloods and crips?,What are the ideologies of gangs like the Bloods and Crips and how do they differ?,0
How can I hack someone's WhatsApp account if I just have his WhatsApp account number?,Can you see who views your Instagram?,0
How do I stop over thinking and over worrying?,How do I stop over thinking everything?,1
How photosybthesis prosis complte without lsun shine?,Why were 200 seats vacant in BE in JU for the session 2016-17?,0
How many 3digit numbers are there with at least one digit as 3 and are divisible by 3?,How many five-digit numbers are there that have number 4 as at least one digit?,0
How can one embrace the shadows in personality that are at times strongly criticized and resisted?,"How can one offer genuine criticism without hurting the person's self esteem? Also, how does one take criticism in the proper spirit?",0
What are the prevailing winds called in Canada?,Why do the winds and the currents move in a circular pattern?,0
"""What is the difference between """"begin to do"""" and """"begin doing""""?""",How do I begin working out?,0
What is root in Android?,What is root permission for Android?,0
How imminent is world war III?,Why World War III are inevitable?,1
Why do I love intelligent and pretty girls?,What is the credibility of Innovation economics?,0
Why is Autism painful?,Why is Sensory Overload painful?,1
Do you think the UK Parliament should vote about invoking article 50?,Does the Prime Minister need approval from Parliament to invoke Article 50?,1
What was the motivation for white abolitionists during slavery in the US?,What were the main arguments used pre-1861 by white abolitionists against slavery in the US?,1
What are hacking tools?,What are some hacking tools?,1
What does a civil engineer do?,How does civil engineering work?,1
What steps are involved in clearing of a cheque?,Can we deposit a post-dated cheque?,0
"How do I separate two people (for a good reason), without hurting any of them?","How do I separate two people (for a good reason), without hurting any?",1
What's the difference between ground and neutral?,What is difference between grounding and neutral?,1
What universities does FCF Capital recruit new grads from? What majors are they looking for?,Are the Daughters of the Nile or Eastern Stars women's secret societies?,0
What are the best places to visit in Kerala for college students?,What are the best 10 places to visit in Kerala including any falls?,1
Does India have bunkers to protect the PM in case of nuclear attacks?,What strategy does India have to protect Delhi from a nuclear attack from enemies?,0
"My name is Ravi Prakash Verma, but at time of placement unknowingly I gave my name to HR as Ravi Prakash, will it affect at the time of joining?",I want to change my batch timing from 2 pm to 8am/11 am for a GS at Vajiram and Ravi. Whom should I go to?,0
"Among ICICI, HDFC, and Axis Bank, which one is the best to start a career as a clerk?","Which is a less fraudulent bank amongst these to bank with? ICICI, HDFC or Standard Chartered?",0
What's your stand on the recent Supreme Court's order about national anthem in cinema halls?,What do you think of SC's order of playing national anthem in cinema hall?,1
I don't feel like I deserve anything?,How is ntellectual Property Law in China basic policy and new developments? How was it implemented?,0
How can it be proved with graph/calculus that the substitution effect must always be negative?,Why is the substitution effect always negative?,1
How can I speaking fluently speaking English?,How can I continue to improve my English?,1
Who according to you is the most evil superhero comic-villain?,Who is the most unlikable movie villain?,0
How can I get an admission in list?,How do I get admission at ITS?,0
Is securely wiping my harddrive (SSDfrom 2015 Macbook) every week bad for my computer?,I have the chance to upgrade either the ram (4 to 8gb) or the SSD (from 1tb hdd to SSD) which one should I upgrade? (laptop),0
What are Security Features in AngularJS Application?,What are all the security features on a $100 bill?,0
What is a referral?,What are referral deals?,0
What do we need to do to learn Workday technology?,How can I learn Workday on my own?,1
What is Murphy's Law? How is it related to the Interstellar film?,"""How does Murph """"solve gravity"""" in the film Interstellar?""",0
"""What is a """"warm"""" sim card?""",How do I spoil a SIM card?,0
What does the Trump presidency mean for the future of climate change?,How would a President Trump deal with climate change?,1
Why transformers are not characterized by power factor?,Why does power in transformer is represented without power factor?,1
Are both Brahma and Saraswati & Abraham and Sarah the same?,Are Abraham and Brahma same?,1
Could you give me some advice?,Can you give me some advice to be smart?,0
"""Is having a """"I don't care"""" attitude bad?""",Is it bad that I don't mind having flings?,0
"What kind of economy does Switzerland have, and how is Austria's different?","What kind of economy does Switzerland have, and how is Germany's different?",0
How does a central bank decide on how much currency to print?,How is it that money is being printed by central banks but governments make budget cuts?,0
How will the voltage divide in a series circuit when the resistors have equal resistance?,How will the divide in a series circuit when the resistance units have equal resistances?,0
How does the Test Strategy for a software project differ from the Test Plan?,What is difference between test strategy and test plan?,1
How do I get into my Instagram if I forgot my email and my Facebook password?,How can I open my Facebook account I forgot my password and Gmail?,1
How can we practice self control?,How can we practice self-control?,1
What will happen if two black holes collide?,What happened to the event horizons of the two black holes that merged sendig to us gravitational waves?,1
What are some good reasons not to sign up for Quora?,Getting Started on Quora: What is Quora?,0
Why did HBO decide NOT to adapt Naoki Urasawa's Monster after Guillermo de Toro pitched it?,How does HBO decide to air a series?,0
How can I earn money online?,How could I make money online?,1
"Who is stronger, Luke Cage or Jessica Jones?",Who will win in a bed between Luke Cage and She Hulk?,0
What are the lyrics to the Korean happy birthday song?,What are the lyrics to the German happy birthday song?,0
What are the best web scraping practices?,What are some interesting web scraping projects you have done?,0
What is space lattice?,What actually is crystal and space lattice?,1
"What is the best tank in World of Tanks, and why?",What is the best tank in WoT?,1
What are some good modern philosophy books?,What are the best philosophy books?,1
How do I download a free sample from Google Books?,Where can I get to read free novels or may be download them?,0
Why is incest a taboo?,Why is incest considered bad and taboo?,1
Why does fork return twice?,Are Indians the only people who use a spoon and fork together?,0
Can you suggest how to plan Goa trip for 4 days?,How do I plan a trip to Goa?,1
When will Fairy Tail end?,Why does Erza wear armors in Fairy Tail?,0
How do I become a billionaire by 25?,How can I become a billionaire?,1
Which post is better in stenographer and office assistant?,Which post is better in stenographer and office assistant in uppcl?,0
What is the best way to make a girl happy?,How do I make a girl happy?,1
How much is the United States in debt and has it gone up greatly during the Obama administration?,To what extent have federal deficits gone up during the Obama administration because of gridlock in Congress?,0
I have vitiligo. Is there any cure for it or is there a medication for it?,Is there any cure for vitiligo?,1
"What should you do if your Amazon package shows up as delivered, but you never got it?",Why are Amazon and Flipkart not delivering products in Noida?,0
What is the name of the music playing in the background of bosley hair commercials?,What is the name of the music playing in the background of the bosley hair commercials?,1
Is it hard to find a job in Canada for a foreigner?,Is it hard to find a job as a scientist as a foreigner?,0
"What's classy if you’re rich, but trashy if you're poor?","What's classy if you're trashy, but rich if you're poor?",1
How can I delete my Instagram account if I don't know my old password or email?,How do I delete my Instagram account when I have forgotten my password and the password to my email?,1
Can you make a living as an It Works! Independent distributor? How and how much?,How many people in the US make a living online independently?,0
Why does TCS hire so many freshers?,Does TCS recruit freshers?,0
What does it feel like to be paralyzed?,What does it feel like to be completely paralyzed? Is it the same feeling that you get temporarily during sleep paralysis?,0
Why does the Indian Army use the same camouflage dress in all terrain?,What are some future weapons that will be used by Indian army?,0
Which is the best video call app?,Which is the best video calling app?,1
What are the functionalities of the session layer of the OSI model? How does it compare to the presentation layer?,What are the functionalities of the session layer of the OSI model? How does it compare to the network layer?,0
Do flight attendants get a list of who should be sitting where?,What are the weirdest things flight attendants have seen in their line of duty?,0
Where can I learn about empathy?,How do you learn empathy?,0
Did someone from Titanic actually gamble for a 3rd class ticket?,How do I get hobby lobby coupon 40% OFF Online?,0
"What are the main imports and exports of Venezuela, and how does Venezuela's industry compare to Belize's?","What are the main imports and exports of Venezuela, and how does Venezuela's industry compare to Aruba's?",0
What are the pros and cons of buying SoundCloud plays and followers to promote music online?,How do I promote my SoundCloud music and make money?,0
What are the chances of getting into a good US grad school with GPA of 6.7/10? Can I compensate my GPA with 1 internship and 1 research paper?,"I have a 2.7 GPA from a state school. If I start a business in 2 years time that pulls in $10 million in revenue, have a GMAT score in the 90th percentile, along with a compelling story and great letters of rec, what are my chances of getting into a Stanford MBA program?",0
How can I set up a system that will make money if I hate to go to office or business ?,Who are the best live violinist?,0
What was the first sub atomic particle?,How many sub atomic particles are there in an atom?,0
What is it like being the third or non-primary person in a polyamorous relationship?,What is it like to be third-wheeled in a polyamorous relationship?,1
What's your valuation?,What is the valuation of betterment?,0
How do I increase my eating capacity?,Does eating fish increase heat in the body?,0
What is the greatest mystery of all time?,What are the greatest mystery novels?,0
Who agrees that all this “your question or answer stuff here needs improvement” is a load of crap?,Is Quora virtually useless?,0
"How do I start learning to code? Also,which programming language is recommended for beginners?",Which programming language to start with for a beginner and what are steps necessary to learn it?,1
Where can I download the virtual calculator introduced for the GATE 2016 ?,What could be the advantages of virtual calculator over real calculator in GATE 2016?,0
Whats your favorite song?,What are your favorite songs?,1
What do other countries think of Bosnia and Herzegovina?,Why are Bosnia and Herzegovina one country?,0
How do I keep myself from getting distracted?,How do I concentrate on my studies without getting distracted?,1
What are the famous theorems of Srinivasa Ramanujan?,Is Ramanujan overrated as a mathematician?,0
What are the pros and cons of Legalzoom-generated wills?,Where can I read reviews of LegalZoom?,0
How do you describe a poor and a rich person?,How do I become rich socially and financially?,0
Why are some people so intimidating?,Why are some people so intimidated by programming?,0
Ukulele or guitar- which instrument is easier for a beginner?,Why is guitar such a versatile instrument?,0
What was the original name of the Philippines before the Spanish era?,Could we safely lower the drinking age if we introduced limits on how much you can actually buy?,0
How can I increase website traffic?,How can I increase the traffic on a site?,1
What are the differences between SQL and dtsearch?,What is the difference between SQL Server and SQL?,0
How do I become more unselfish?,How do I become unselfish?,1
How can I separate oxygen and hydrogen from water?,How do oxygen and hydrogen separate in water?,0
"""If an employer asks """"Why should we hire you? What would be the most practical way to answer that?""","""What is the best possible answer to the most asking interview question """"Why should I hire you""""?""",1
What do you think about iOS 8.3?,What do you think about iOS 10?,0
Camera Sony RX-100 sometimes takes three shots for HDR. How to control this option?,"What's the best available compact camera, Sony Cyber-shot DSC-RX100 or other, and is there anything better coming out in the next 2-3 months?",0
How much you have grown at the professional level?,How can I find a fb password?,0
What are some of the oldest known jokes?,What are some of the oldest recorded jokes?,1
What is the advantage of demonetization of Indian currency?,Is Modi’s decision of demonetization of currency a bad decision and proving to be a disaster for the Indians and Indian economy?,0
What happens if I don't sleep after a workout?,What happen if you don't get enough sleep?,0
Which car services are available in Orlando? How good are they compared to taxis and relative to each other?,Which car services are available in Atlanta? How good are they compared to taxis and relative to each other?,0
How do I do well on exams?,How can I score well on exams by studying much less?,0
What is the all-time most viewed question on Quora?,What question on Quora has the most views?,1
What does Carl Icahn do?,What is Carl Icahn like in person?,0
Related to technology the problems that are not solved yet?,"""What do """"xerophytes"""" mean? What are some examples?""",0
Why invest money in Supertech Crown Tower project?,Why are we still spending and investing so much money in space exploration projects while we haven't gotten any profit from them?,0
Do galaxies travel faster than the speed of light?,Can data travel faster than the speed of light?,0
What is the meaning of Urdu word 'Himakat'?,What is the meaning of Urdu word 'Mukammal'?,0
What are extracurricular interests? What are examples of this?,What are examples of academic and extracurricular interests?,0
How can I not regret?,What is the best way to regret for something?,0
What are moving violations in Indiana?,What are moving violations in Alabama?,0
What are basic hr questions asked in an interview?,What are the basic questions asked in a job interview?,1
What are some cultural faux pas when interacting with someone with histrionic personality disorder?,What are some cultural faux pas in Seattle?,0
What is the difference between listening through ears and listening through heart?,"If the decision is very crucial to your career, what should you listen to if your mind and heart are saying different things?",0
How did UChicago get so strong at Statistics?,How did Cornell get so strong in statistics?,0
The current year is 2014. Why is this the 21st century and not the 20th century?,What is the 20th century and the 21st century?,0
What does 40C8 mean (in respect to the grading system of carbon steel)?,What is Q235 steel grade?,0
What are the average salaries for bank probationary officers and clerks?,What is bank probationary officer salary?,1
Things: What do you think happens only in India?,What are somethings that happen only in India?,1
How can I prepare for both the GATE and IES?,How do I start preparing for IES?,0
What are some tips on making it through the job interview process at UDR?,"What are the best cookbooks with quick, delicious recipes?",0
Are there any secret chambers under the base of destroyed Konark Temple of Odisha?,What is the biggest secret of Jagannath temple?,0
How can I learn history to remember it always?,How does one learn history?,0
What is the best Counter-Strike map?,What are some of the best Counter Strike videos?,0
What is the condition for a straight line y=mx+c to be normal to a parabola y^2=4ax?,"If normal at the point [math](am^2,-2am)[/math] of the parabola [math]y^2=4ax[/math], subtends a right angle at the vertex, what is the value of [math]m[/math]?",0
What is the best way to cure chronic sinus permanently?,How do I cure chronic sinusitis?,0
"How can a software developer start freelancing with 2 years of experience in the job, but with no freelance experience?","What are some AWS API and SDK tips, tricks and gotchas?",0
What are the most popular pizza toppings in Pizza Hut Canada? Why?,What are the most popular pizza toppings in Pizza Hut Panama? Why?,0
"Who owns the copyright to the music of classical composers like Beethoven, Mozart, Vivaldi, or Brahms?","What, musically, makes Mozart such a great composer?",0
Is gold a Non Performing Asset?,Are non performing assets that bad?,0
Are Australians racist towards muslims?,Are spanish people racist towards muslims?,0
Can blind-deaf people become preppers and homesteading?,"Can blind deaf people become preppers and homesteaders? If so, how?",1
"Will Jio 4G work on an imported, unlocked Samsung S7 Edge?","In C programming, how y= ++x +x + x++; or y=++x + x++ + x++; works?",0
What are the best places to visit on a 3-day trip in and around Kerala?,Which are the top ten tourist places in Kerala?,1
Why is Hermes a succesful fashion house?,What is Hermès for French?,0
What is the annual revenue of yahoo?,What is the annual revenue of TopTalent.in?,0
How can I split a 4 digit number into 2 two digit number like 2016 into 20 and 16 in c?,How reputed is the MBA at Ryerson University?,0
What does it mean when you have your menstrual cycle for two weeks?,What does it mean when you have two menstrual cycles within two weeks?,0
What if Quora were a country?,"If Quora were a separate nation or country, what would it look like?",1
What is alveolar ventilation and pulmonary ventilation?,What is alveolar ventilation and pulmonary ventilation? What are their differences?,1
Is it better to do an MBA after engineering?,Is it good to pursue MBA after engineering?,1
Can I become a multi billionaire betting on horses?,"How much money can I make betting on horses? A month? Can I make 20,000 a month?",1
How do I control my love?,How can I control my feelings of love?,1
What am I supposed to do with this guy who is too busy for me?,What am I supposed to do with a girl that is too busy for me?,0
How do I become a better or pro web designer?,What are the best ways to be a better web designer?,1
How bad is social smoking?,How bad is passive smoking?,0
Where in the NYC area can I find the best rates to exchange foreign currency?,Who has the best currency exchange rate?,0
Can one self-induce a coma?,How can I safely induce a coma upon myself?,0
Why are synthetic diamonds so expensive?,Why are diamonds so expensive?,0
Which flavour has been considered as the best for cake?,Which school of economic thought is considered as the best?,0
Who verifies the authenticity of WikiLeaks?,How does Wikileaks verify the authenticity of the documents they release?,0
What are some different ways of doing dumbbell curls? What are the benefits and tradeoffs of each?,What are some different ways of doing dumbbell pullovers? What are the benefits and tradeoffs of each?,0
How powerful will the James Webb Space Telescope be?,What kind of things are we going to see with the James Webb Space Telescope (JWST)?,1
Should I join tcs or qainfotech?,Why shouldn't I join TCS?,0
What are some best Indian Army wallpapers?,How is the Indian army the best way to serve the nation?,0
What is the alternative game like Quizup?,Is there any trick to play quizup game?,0
What are the differences between authentic and replica jerseys?,What is the difference between a bra and a bralette?,0
Which is the best college for Journalism?,What is the best college for journalism?,1
Why is Saltwater taffy candy imported in Mongolia?,Why is Saltwater taffy candy imported in South Korea?,1
"What is the Sahara, and how do the average temperatures there compare to the ones in the Dasht-e Loot?","What is the Sahara, and how do the average temperatures there compare to the ones in the Syrian Desert?",1
How introducing 2000 Rs notes which is of higher denomination than the current highest denomination 1000 Rs notes will reduce the black money?,How will issuing of new 2000 Rs notes help curb black money and corruption?,1
How do I improve my English with creative writing skills?,What are suggestions or ideas to improve my English writing skills?,1
How does a top-less shoot get done in India for models & actresses?,Do actresses or models often get molested by people in the industry?,0
"Which laptop I should buy, Dell or Lenovo or HP ?","Whose laptops are better, HP or Dell?",0
How can I start a real estate business with no money in my pocket?,I belong to a middle class family. I want to start a real estate business as my side business. How shall I start it as it needs a lot of money?,0
Why is Hilary Clinton corrupt?,Why is Hillary Clinton so corrupt?,1
"How could World War III occur, transpire, and conclude without any nuclear bombs seeing use?","If a World War broke out tomorrow, who would win if there were no nuclear weapons used?",0
What type of people don't have a favorite color?,Why do I have to lie so much?,0
What would be the best inspiring quote for you?,What's the best inspirational statement or quote that you have ever seen that helps people succeed?,0
How can I be a native English speaker?,How can I improve my English Language?,1
How was education during the Japanese occupation like in Singapore?,How was education in Singapore during the Japanese occupation?,1
How do I I get a job as a National Geographic Scientist?,How do I get a job as a National Geographic photographer?,0
Which is the best picture you have ever seen?,How do I get the best pictures you have ever seen?,1
"When do you use que, como, and cual, in asking what?","""Why do some people use the term """"ax"""" as a substitution for the word """"ask""""?""",0
What's the differences between ACS (international) Singapore and ACS (independent) Singapore?,How do I obtain an S Pass in Singapore?,0
Why was Cyrus Mistry removed as the Chairman of Tata Sons?,What went wrong with Cyrus Mistry as Tata Group chairman and why was he ousted?,1
"Which hindi movies, released in 2012 are a must watch?",Which English movie in 2014 is a must-watch?,0
"What were the major effects of the cambodia earthquake, and how do these effects compare to the Kuril Islands earthquake in 1963?","What were the major effects of the cambodia earthquake, and how do these effects compare to the Chile earthquake in 2010?",1
"If √11 is irrational, how can you prove it?",How do I prove that the root of every prime number is irrational?,0
What does a three-headed elephant tattoo mean?,What is the meaning of a centipede tattoo?,0
Why doesn't Spotify work in India?,When will Spotify launch in India?,1
Where is Ravish Kumar? Why is he not anchoring Prime Time on NDTV?,How can I help Mr. Ravish Kumar for his true journalism except watching him on Prime time?,0
"How do you get past that first step, how do you go from meeting someone to making friends?",How do you call someone who first ruin you but then want to be your friend?,0
Why are black women so vocally angry and loud compared to women of other race?,Why are women on Quora so harsh and aggressive towards other women?,0
"Imagine that you are a student-astronaut, who had participated in the launch. Describe what you experienced while in flight and later, what you felt and saw when Mangalyaan entered the Mars orbit?",Can astronauts really survive in mars like The Martian?,0
Did JFK really sneak Marilyn Monroe in the White house?,Was Marilyn Monroe bisexual?,0
Philippines: Do I need to present an NBI clearance for my passport application?,Can I cancel my passport application?,0
How is Domino's pizza made?,How do Domino's make their pizza?,1
Are polynesians black or asian or both?,Why is it harder for black men to get Asian women than for white men?,0
If my iMessage goes from blue to green does that mean I'm blocked?,If an iMessage sends as a text what does that mean?,0
How different are the Vietnamese and Khmer languages?,Is Vietnamese (language) 'sinicized' Khmer?,0
What are the methods to avoid pregnancy?,How do I avoid unwanted pregnancy?,1
What are some good interests to add on Omegle for pairing up with interesting strangers?,What all common interests should I add in Omegle so that I don't get creeps?,0
What are some examples of nationalities?,What are some examples of nationalism?,0
What is the reason why Martin Luther King Jr. is famous?,How much it costs to establish a car industry?,0
Can a boy join the Indian armed forces after a BSc degree?,"How to Join Indian Army,After Engineering?",1
What are the most inspiring stories of late bloomers?,What are some of the most inspiring stories of late bloomers?,1
Is one night stand good?,Is it good to have a one night stand?,1
If humans evolved from monkeys then why are monkeys still around?,If we have evolved from ages then why are apes around us?,1
Can someone see how many times you look at their Instagram story?,Can someone see how many times you look at their instagram?,1
Are there notable biological differences between people of different races?,Are there any actual differences between races?,1
What are the problems faced by teenagers?,What are the problems faced by young?,1
Why are humans born?,Why were humans born?,1
Is there any smartphone app to measure weight?,Is there any app to measure performance of other apps?,0
"What is the meaning of 'DM, TA,LM, DZ,MD etc' in the name of bulk sms sender?",How can I send bulk sms through personal number?,0
What is the fee structure for a 4-year B.Tech at KIIT University?,Why does the KIIT University charge a very high fee?,0
"Which OS is better, Windows, Mac OS X, or Linux?","When Linux provides so many high-quality operating systems of many varieties free of cost, why do people still buy Mac OS and Windows OS?",0
Can I add an app to my Vizio smart TV?,How can I watch downloaded movies on my Vizio TV?,0
How do I get motivated to do something?,What should I do to stay motivated and happy?,1
Is Narendra Modi the best Indian Prime Minister ever? Why so?,Is Narendra Modi the best Prime Minister of India?,1
I have INR 1 Lakh in my saving account. What to do with it to get maximum profit?,Is there a similitude between heart-reason and matter-energy?,0
How can I make money from Quora?,How can I earn money on Quora?,1
"I temporarily disabled my Instagram account, but I can't log into it anymore. Why can't I log into it?",What do I do if I can't log into my Instagram because I temporarily disabled it?,0
How can I cure my internalized homophobia?,What's the best way to deal with internalized homophobia?,1
How do I prepare for the CAT 2015 candidate?,How should one prepare for CAT 2016?,1
What is the difference between Internet and Intranet?,What is the difference between Internet and internet?,0
"""What do you mean by """"hosting capacity"""" of an electric power system?""",What does it mean for a Power grid to 'trip'? How is it caused?,0
Which site is the best for download cracked Android APK files?,What's a good site to download APK files from?,0
What was the weirdest 911 call ever received?,How can I make a 911 call as efficient as possible?,0
What is a grandiose narcissist?,What is a narcissist?,0
What are the functions of the CU and ALU in the CPU of a computer?,What is the function of the ALU and CU in a CPU?,1
What is your purpose of life?,What's it like to have a purpose in life?,0
Why Tejas is more important to India?,What is Oracle Global Nerve Centre?,0
Which is the best gaming laptop under $500?,Can someone get a good gaming laptop under $500?,1
What is likely to happen by 2100?,What will the world look like in 2100?,1
What are the things that rest of the world should learn from India?,What should rest of the world learn from India?,1
How is nested quantifier used in computer science?,What are the pros and cons of a computer science student for using a MacBook?,0
How far down into the atmosphere of jupitor does the pressure = earths pressure?,How long does it take for Juno to send data to earth?,0
How can I publish Theses on biochemistry on International Library for thesis?,How can I publish Theses on biotechnology on International Library for thesis?,0
How can a foreign educated lawyer practice law in California?,"If I'm a foreign lawyer, with a foreign law degree, do I have to take a test or any other requirements to practice law in California?",1
Why is the world so unfair?,Is the world unfair to you?,1
"If you can't hear anything in space, how can astronauts talk to each other?",Can we hear anything in space?,0
What are some current products that facilitate community engagement?,I build a Q&A community for internet products. Do you need it?,0
Why are indians obsessed with religion?,Why are Indians so obsessed with castes?,1
What is Balaji Viswanathan's take on 500 & 1000 rupees currency notes ban in India?,What are your views on demonetization of ₹500 & ₹1000 notes in India?,1
Why has sentiment among mainland Chinese turned so strongly against Taiwan in 2016?,How much effect has the fall in mainland tourists in 2016 to Taiwan affected the economy?,0
How can we get best Online Tutorials or educational videos or youtube videos or OpenCourseWare or mooc for preparation of SAT?,How can we get best Online Tutorials or educational videos or youtube videos or OpenCourseWare or mooc for preparation of GRE?,0
What is the disadvantage of demonetization of Indian currency?,What happens to lost money after the Indian government's decision to demonetize currency? Did India lose that money?,0
How can I shake myself off this bad luck?,Why is throwing salt considered of bad luck?,0
How does a single cylinder 4 stroke engine work?,How does a 4-stroke engine work?,0
How do anyone learn something?,How can I learn something?,1
Why do some Hindus add Jesus to their huge list of Gods? Why not the prophet Muhammad?,Why did the God only appoint Muhammad as their prophet at the age of 40? Why did God chose him over others?,0
What are the chances of to selling ice to Eskimos?,Is it possible to sell ice to Eskimos?,1
What is the scope of industrial engineering and operation research of iitb?,Is there scope in U.S. after industrial engineering?,0
Is creatine better than whey protein?,Should skinny guys go to a gym for getting better body?,0
What is zero FIR?,What is zero FIR in India?,1
What are some things new employees should know going into their first day at Graco?,What are some things new employees should know going into their first day at AT&T?,0
How can I sell my pomegranate and grapes at a good rate in Pune?,Can I use reliance jio dongle for other network?,0
How is Samsung better than Apple?,How is Apple Music better than other musical apps?,0
How do I download large rar files in Android? I want to download a 200 MB file but it won't download properly. Suggest me an app.,How do I download large rar files in Android? I want to download a 200 MB file but it won't download properly.,1
Is it okay to have a pulse rate of 102 beats per minute as normal pulse rate?,What are normal pulse rates?,0
What happend to Rohan Gavaskar?,What happened to the great cricketer named Rohan Gavaskar?,1
Why and how to Avoid a Car insurance Lapse?,"""Is the expression """"It's a constitutional republic, not a democracy"""" just another way of saying that some animals are more equal than others?""",0
"""In Japanese, how do you say """"fat""""?""","""In Japanese, how do you say """"what did you say""""?""",0
What are the best Oriflame products?,What are some Oriflame products?,1
What is the best outfit a guy would wear for working out in the summer like it's the year 1990?,What workout attire would guys wear in the summer like it's the year 1990?,1
What is the best mobile in India?,What are the best mobiles in India?,1
What is the difference between SIP and ELSS?,What's the difference between SIP and ELSS?,1
Tech Support: My Samsung Series 9 is overheating even after dust cleaning - what do I do?,When is the next Samsung Series 9 Samsung Series 9 NP900X4C (15-inch) coming out?,0
What is the full form of HDFC Bank and ICICI Bank?,"Among ICICI, HDFC, and Axis Bank, which one is the best to start a career as a clerk?",0
What is the best white wine for cooking fish?,What is the best white wine for cooking?,0
What data science and machine learning career opportunities are there at Google?,What data science and machine learning career opportunities are there at LinkedIn?,0
What are the most anticipated games in Spiel des Jahres 2016?,Build Payment gateway in Malaysia?,0
What makes life inspiring?,How do I make myself and my life inspiring to others?,0
What are good sodas to mix with vodka?,What is a good high-end vodka to give as a gift?,0
Should owning private property be a right?,What are the branches and related fields of psychology? What do they do and what are some examples?,0
Which is a good inpatient drug and alcohol rehab center in Greene County IL?,Which is a good inpatient drug and alcohol rehab center in Clark County IL?,0
What is the best programming language to know?,What are the best programming languages for beginners and why?,1
How do I handle the fear of change?,How do I overcome my fear of change?,1
What is transaction risk investigator?,What does a Risk Investigator on the TRMS team do?,0
"In Zelda: Twilight Princess, what’ll happen if you drop a Sol off the edge in the Palace of Twilight outside area?",How does the Christian God want us to use our free time? It's a sin to waste a summer vacation on video games even if I'm going to church on Sundays?,0
Sedimentology: How do tidal depositional environments show up on the sedimentary layer of a sedimentary rock?,Sedimentology: How do shallow water depositional environments show up on the sedimentary layer of a sedimentary rock?,0
What is it like to take the Vaishno Devi walk?,Is it easy to simply walk into Tibet from India?,0
How can I improve my story writing skills?,How should I improve my writing skill for blogging?,1
Why is Project Loon allowed despite the huge waste of precious Helium gas?,You are an Er why you choose banking?,0
How can I get taller after 25?,Does height increase after 21? How can I get taller?,1
What is the main function of an artery?,What are some of the main functions of the arteries?,1
When was baseball created and how was it created? How did the sport affect the U.S.?,How was the modern baseball created?,1
I want to donate sperm. How can I do it in Pune?,Can I make a career out of donating sperm?,0
Is there any need of money to upload videos on YouTube?,How do people earn money from YouTube?,0
Why are Indian girls so against flings?,Why are Indian girls so talkative?,0
Are book collectors possessive about their books? What would they generally do if someone asks to borrow one?,"If you were asked to suggest one book every computer scientist should read, what would that be?",0
What could be done to stop the US President if he decided to launch a nuclear attack?,"If Donald Trump wins, would he be a successful president?",0
Which is the best article you have ever read?,Which is the best magazine article you have ever read?,0
I want to unsubscribe from Quora. How can I?,"I want to unsuscribe, I have no interest in Quora. how to do that?",1
What is the rate of dollars against rupee?,What is the dollar to rupee value?,0
Why doesn't Apple invest in making the native MacOS Numbers app support more advanced spreadsheet/analysis functionality?,iMessage: Why aren't I notified of incoming messages in MacOS when the Message app is not running?,0
Can one be an atheist (person who denies the existence of a supreme being or beings) and still believe in an eternal soul and/or reincarnation?,"Atheism: Can those, who believe there is a spirit that exists beyond the body, be considered atheists?",0
How can I lose 4kg weight?,How should one change their diet to lose weight?,1
"In general, is it more beneficial to read fiction or non-fiction books?",Is it better to read fictional books or non-fictional books? Which one do you mostly read?,0
How can I recover my Gmail account's password?,How do I recover a forgotten Gmail password?,1
Are e-vapes safe?,Is vaping safe? Or at least safer?,1
Do you like this cool song?,Should teachers of Economics mention Henry George?,0
"If I am traveling to Cancun, should I buy Mexican pesos in the US?",What is it like to grow up as a Mexican in Cancun?,0
I purchased a blue sapphire ring and had a ream of the planet Saturn in the sky on the same night Is this a good or bad sign?,How do Apple sleep analysts works?,0
"Given the trajectory of human advancement over the past 100 years, what will the next 100 years look like?",What will the next 100 years look like?,1
What are the best ways to earn money online from Morocco?,What is the best way to earn money online in 2017?,0
Can I get my adderral filled early?,Should I get checked early if my mom had endometriosis?,0
How many jobs would increased border security and a border wall being built make?,How many is too many illegal immigrants and how will America preserve its borders and identity as a nation?,0
Why in katy Perry -part of me song the watch get highlighted? See the image,Why in katy Perry -part of me song the watch get highlighted? See the image?,0
"""Can somebody explain when and how you use """"lo"""" in Spanish?""",How did The Carolinas get founded? How are they different from other states?,0
Which book is best to know indian custom?,Which book is best to know indian customs?,0
Is there any way I can track a lost iPhone 4s using imei code?,How do I find my lost phone using imei number without going to police?,1
What is Fiscal deficite?,What is Fiscal Deficit?,1
"What are the care options for bedridden Alzheimer patient in India, specifically Chennai or Coimbatore?",What is a nice book to read to an Alzheimer patient?,0
How much can wife claim maintenance for her 8 yrs old daughter if wife is not working?,How can a daughter claim maintenance from her father in India?,0
How will the ban of Rs 500 and Rs 1000 notes affect Indian economy?,What is the use of banning 500 and 1000 rupee notes and introducing new 500 and 2000 rupee notes?,1
"A square matrix of alphabets within contain English Letters in arbitrary manner, while searching a word in it , you can go left to right horizontally?","Was Adolf Hitler raised as a Christian or did he study in a seminary? If so, which church?",0
Where does the Facebook shuttle stop?,Where does facebook shuttle stops?,1
How do I convert .vnt files to text/doc?,How do I convert .nbo file to text?,0
What is the best way to motivate yourself to be productive?,How do you motivate yourself to run?,0
What is the scariest or creepiest movie you have ever seen?,What's the scariest horror movie you've watched?,1
"Should we believe astrology, numerology?",Should we believe in numerology and astrology?,1
Which companies sponsor H1B visa in Pasadena?,Which companies sponsor H1B visas?,0
Why I have a Friend who is great at Computer Science while I am not?,Are we being exploited by booking sites or is it as per Indian tax system?,0
What can't Google find in its search engine?,What does Google search engine lack?,0
How should I improve my english communication skills?,How can I improve my English speaking .?,1
What is a blanket ban?,Why is Facebook blocked in China?,0
What is it like to travel around the world alone really?,What is it like to travel around the world alone?,1
Why Was Shah Rukh Khan's son Abram born through surrogacy?,Did Shah Rukh Khan clear IIT?,0
"As a teacher, what is the weirdest thing you have seen in your school or classroom?",What is the weirdest thing you have ever seen?,0
What is wrong with Rashtriya Swayamsevak Sangh (RSS)?,What is the Rashtriya Swayamsevak Sangh (RSS)?,0
When will educated Hindu women use her feminist strength to guard her religion instead of getting converted?,Why can not Hindu women be the soldier of Hinduism? Why can't she give birth to a Hindu kid even if she marries a non-Hindu?,0
Are there any good online astrologers? Please tell,How can I consult a good online astrologer?,1
How does a sideswipe accident occur and which driver is considered at fault?,How do you react if you have a car accident with someone and it's not your fault?,0
What is a daily life for an author?,What is daily life like for Beyoncé?,0
Does the Multiverse exist?,What are the chances that a multiverse exists?,1
Why do people ask questions on Quora instead of Googling it?,Do people post questions in Quora just so that they can skip searching in Google for a few minutes?,1
If we all together stopped every single clock/watch on earth for a while. Would we lose track of time?,"Time (physics): If all the clocks in the world stopped working for a few days, would we be able to regain the exact time in seconds, minutes and hours?",0
What are the safety precautions on handling shotguns proposed by the NRA in Utah?,What are the safety precautions on handling shotguns proposed by the NRA in Maryland?,1
Is it a bad idea to switch careers if I am good at what I currently do?,"Need help, I am aspiring for IAS 17. I teach students from 2-8 but due to this don't know what can be my routine for IAS, how and what to study?",0
When people say time may end are they talking about our universe or whole multiverses (if it exist)?,"""When people say """"I want to see the whole picture"""" when talking about life, what do they mean exactly?""",0
"Which is a good solar panel installation provider near Oakley, California CA?","Which is a good solar panel installation provider near Le Grand, California CA?",0
Which are the best MBA colleges in Gwalior?,What are the best MBA course colleges in Gwalior?,1
Why is a counter flow heat exchanger better than a parallel flow heat exchanger?,When heat flows through a material is the rate of heat flow constant at all places in it?,0
Have you ever experienced anything supernatural or paranormal?,Has anyone experienced anything supernatural?,0
What is an ambivert?,What do you mean by ambivert?,1
Where can I get best domestic and commercial window cleaning service in Sydney?,Where can I get best services for dusting & window cleaning in Sydney?,1
The set of fractions equal to 3/4?,Value of Indian 1 rupee silver coin of George 5 King Emperor 1916?,0
Which is the best MCAT coaching center in Lahore?,Which is the best IELTS academy in Lahore?,0
How do I integrate an ejabberd with Symfony2?,ejabberd: Can ejabber be used to send real notifications to a web?,0
What’s the best exercise routine to lose weight?,What are some exercise to lose weight?,1
What are some R-rated movies that have been released by Disney?,Which are the best R rated hollywood movies?,0
Does touching your belly button make you squeamish?,How can I make my belly button smaller?,0
How do you take care of your man?,How is Reliance Jio able to provide such low tariffs? Would it not be a loss to the company?,0
What are the pros and cons of banning currency notes of 500 and 1000 in India?,What are the pros and cons of Ceasing Rs. 500 and Rs.1000 Currency Notes in India?,1
What is lacking in today's social networking services?,What is currently lacking in social networks?,1
What are the different domains in computer science field?,What areas come under the field of Systems in Computer Science and does program analysis come under the domain of systems?,0
Why are Americans so impatient?,Why do Americans seem so impatient?,1
Is there limitations on how often you can take a shower while stationed on a submarine?,How often are submariners allowed to take baths?,1
How do you keep fit?,What are some ways to keep yourself fit?,0
What is Martin Scorsese like in person?,Where does Gangs of New York rank among Martin Scorsese's movies?,0
What are the type of questions which belong to human behavior topic and not to human nature topic?,What are the type of questions which belong to human nature topic and not to human behavior topic?,0
What is a good web page layout to display many videos on one page?,Why is my web page not displaying properly? How can I fix it?,0
What is the difference between cheap and expensive bottled water?,Is bottled water better for you than tap water? ,0
What are some of the best games to play on Linux?,What are some good puzzle games for kids on Linux?,0
"How do I slim down my thighs, calves and buttocks?What workouts should I do to achieve it?",How do I slim down my midsection and thighs?,1
How are endangered species protected?,What are endangered species?,0
How much did it cost Google to develop the Pixel phone?,How much does Google modular phone cost?,0
What is the easiest way to enrich vocabulary?,How do I expand my vocabulary?,1
What are the best bikes on 2016?,What are the best bike inventions of 2016?,1
Who would win a fight between a lion and a grizzly bear?,Who would win a fight between a grizzly bear and a rhino?,0
Can dogs eat banana peels?,Can dogs eat bananas? What about the peels?,1
How do you troubleshoot a MacBook Pro that won't power on?,How can I troubleshoot a MacBook pro that won't start?,1
"Now that the GST bill has been passed by the Indian government, how will it impact the lives of the common people?",What exactly is GST bill and how exactly will it affect the common people?,1
How can I get job in Europe/Australia in IT sector while sitting in India?,"How can we start job portals in USA and UK, Australia while sitting in INDIA?",1
Are you happy where you live? Why or why not?,Are you happy where you live?,1
What are the most liberal Muslim majority countries?,What is the most liberal Muslim country after Turkey?,1
Is math important to learn?,Is it important to learn math?,1
Is a third World War imminent?,Do you think we are on the verge of World War III?,1
Why did Biogen discontinue development of amiselimod?,"Is Ipecac being discontinued? If so, why?",0
How is the value of 0! 1?,Why is 0! equal to 1?,1
Is a 60% after a placement in Accenture needed?,When is the next batch after June 3rd in Accenture?,0
"Why can't I cry anymore, even when I'm sad?",Psychology of Everyday Life: Why can't I cry even when I'm hurt? How should I let out my feelings?,0
What should I do in college?,What should I do at college?,1
How do people in North Korea learn English?,How many people in North Korea know English?,0
What are some of the largest museums in the world?,What are some good museums to visit around the world?,0
"Which is more stable, an isotope, isobar, or isotone? Why?",Why is thymine more stable than uracil?,0
Why the bat and ball games like Cricket are not included in the Olympic Games?,Will cricket ever be included in the Olympics?,1
What are some interesting areas of communications that I could do undergraduate honors thesis in?,What are some interesting areas of nutrition that I could do undergraduate honors thesis in?,0
What is the most stupid question asked on Quora?,What are the most annoying questions that you come across in Quora?,1
How can I overcome my fear of alien abduction?,Is there even a hint of truth to any alien or alien abduction stories or anything alien related at all? Any data/evidence to support this?,0
How much would it cost to start up a full-fledged bowling alley in India?,How much money do you need to start a business?,0
What is a suitable inpatient drug and alcohol rehab center near Treutlen County GA?,What is a suitable inpatient drug and alcohol rehab center near Glascock County GA?,0
"How do vacuum cleaners of Dyson, Black & Decker and Bissell compare in quality and price?",How does a Kirby vacuum cleaner differ from a Dyson vacuum cleaner?,0
Why would anyone want to live for more than 100 years?,How can some people live for more than 100 years?,1
How will the ban of Rs 500 and Rs 1000 notes affect Indian economy?,How will India be affected now that 500 and 1000 rupee notes have been banned?,1
Do gays and lesbians find homosexual relationships in fiction to be too cheesy or out of left field?,Do adopted children of homosexual parents tend to become gay?,0
What does Amazon do if you receive your Prime package late?,What is your review of Amazon Prime?,0
How do I speak English fluently?,How can I speak fluent english with confidence?,1
How does the HP OfficeJet 4620 Airprint compare to the HP DesignJet T795 44-in Printer?,How does the HP OfficeJet 4620 Airprint compare to the HP DeskJet 1112 Printer?,1
Which school’s program is better: UC Santa Barbara (Econ/Math and Stats) or UC Davis (Managerial Economics)?,How good is UC Santa Barbara for studying business?,0
Is helicopter parenting in the United States in decline?,Is helicopter parenting going away anytime soon?,1
What was your best cartoon as a kid?,What are the most interesting cartoons?,0
Can you see who views your Instagram?,Can I see who viewed my Instagram videos?,0
How do QR codes work?,How does QR code work?,1
"If you could not be anonymous, would you stop using Quora?",Why would you stop using Quora?,0
Why do Trey Parker and Matt Stone hate Family Guy?,"Is Family Guy cancelled, as of June 2016?",0
I feel fear all the time. How can I get rid of it?,How can I get rid of fear?,1
How unlikely is it that Trump will be elected president this November?,How likely is it that Trump will be elected president?,0
What is the cutoff for CAT for getting admission in Masters in management course at IISC?,Which is better IISC master's of management or NITIE PGDIE? I am interested in both courses and want to know which is better?,0
How do you pin to Pinterest from an iPhone?,How do you pin to Pinterest from an iPhone within the Pinterest app?,0
How do I effectively teach the kids to read?,How do you teach a 4 year old toddler to read?,1
What are the drivers of unethical behavior in the educational system or workplace?,What are the drivers/reasons of unethical behavior in educational system or workplace?,1
What are all the buildings constructed using composite materials?,What are the composite materials used in building constructions?,0
What are some great stories about Bill Gates?,What are some of the least known facts about Bill Gates or Steve Jobs?,0
How Do I get traffic on website?,How do I build traffic to my website?,1
How can you keep a conversation interesting?,How do I keep conversation interesting?,1
How should I start my preparation for GATE-2018?,Is it too late for me to start with GATE 2017 preparation?,0
What are you most thankful for and why?,What are you most thankful for this year?,0
What is Typepad on Facebook?,What is a TypePad account?,0
How should I get rid of addiction?,What is the best way to get rid of addictions like Facebook and WhatsApp?,1
"Who would win in a battle: 1,000 Spartan hoplites or 1,000 Roman legionaries?",Which modern European and Mediterranean cities are old Roman legionary camps?,0
Which woman has world's most dazzling bellybutton?,Which woman has world's most charming bellybutton?,1
Are there atheists who don't like Richard Dawkins?,Are there any other atheists who also hate Richard Dawkins and Sam Harris?,1
What are the signs and symptoms of borderline personality disorder?,What are common symptoms of borderline personality disorder and is it better or worse to get a diagnosis?,1
How is sweet potato fattening?,Why is sweet potato sweet when fried?,0
Are there some non-agglutinating languages that have vowel harmony?,Are there any fusional languages affected by vowel harmony?,1
What is the difference between YouTube and DailyMotion?,How is Netflix different from YouTube?,0
What do you think are some good and some bad things about Twitter and Facebook?,What are the best things about Facebook?,0
What's the difference between axioms and postulates?,What is a political boundary? How do they differ from natural boundaries?,0
Why is Quora good for me?,What turns people off about Quora?,0
Which comment do girls like the most?,What is a good comment on Facebook for a pretty girl?,0
Did Narendra Modi insult the national flag by wearing it around his neck and using it to wipe his sweat?,Has Narendra Modi started his own campaign of war on drugs?,0
"""Why was Lydia Bennet's elopement such a disgrace to the Bennet family in """"Pride and Prejudice""""?""","In Pride and Prejudice, Elizabeth Bennet and her aunt and uncle are invited into Mr. Darcy's estate by the housekeeper for a tour. Would this really have happened?",0
How do you get hired in a company like dahlberg?,Can a tourist open a bank account in France?,0
How can I lose 30 pounds in 1 month? What are some tips?,Which exercises can boost you enough to lose 30 pounds in 1 month?,1
What are some book recommendations on Naturalism?,What are the books that you would like to recommend?,0
What is the ratio of hosts to guests on Airbnb?,How safe is Airbnb?,0
How can I get rid of small black flying bugs?,How can I get rid of small black bugs with wings?,0
Which theories and findings of memory should be considered when making a successful advertisement and why?,Which theories and findings of memory should be considered when making a successful advertisement?,1
Why is fan fiction viewed so derogatorily in the fan world when writers are paid to write what is basically fan fiction for many fandoms?,What are the best LOTR fan fiction stories?,0
How is 'Befikre' trailer?,What do you think about Befikre trailer?,1
Is it just me or Quora is full of leading questions?,What is the way to become a bishop with the Church of England?,0
How many people have died from being struck by falling icicles?,How many people die in a year?,0
Who is the best actor in Game of Thrones?,Which actor/actress plays their character the best in Game of Thrones?,1
What is the corporate culture like at Moody's? How is the culture different than other companies?,What is the corporate culture like at Ford? How is the culture different than other companies?,0
"""Why is """"The Outsiders"""" considered a good book?""","""Why is """"The Outsiders"""" a good book?""",1
What is the MBA program at Christ University like?,"What career options can an MBA in Financial Management from Christ University, Bengaluru look for?",0
Should i updrade cards upto level 9 only in clash royale?,I am going to be townhall 9 in 3hrs in clash of clans. I have 400000 elixer and 300000 gold. How should I proceed?,0
What is the dressing style of Americans?,"""What does """"dressing style"""" mean?""",0
What should I do after a long run?,How long should I run?,0
What are some cool Android phone hacks?,What are some cool smartphone hacks?,1
Is our PM Modi doing the correct thing with 500 and 1000 Rs notes?,What do you think about ban on Rs. 500 and Rs. 1000 currency notes?,1
Is it easy to end your own life?,Should I end my own life or not?,0
What are the differences between 80186 and 80286 microprocessors?,What are the advantages and disadvantages of the 80286 microprocessor over the 80186?,0
"I'm using Sony Vegas Pro 13. Why when I finished rendering video in Sony Vegas, video can always be excess noise or opaque?",I'm a graphic designer with video editing skills using Sony Vegas Pro 11. I need to learn my way for a better salary of 60k to 70k or more a year. What programs/certifications should I learn or take that would allow me to apply for jobs making 55k or more per year to start?,0
Why do French Canadians have such low interest in the culture of France?,Why do females have the custom of having long hair in nearly all cultures?,0
How do I skip a class?,How can I skip class?,1
Should I write my blog in English or Spanish?,Should I start a blog in English or in Spanish?,1
What are the chances of President Rodrigo Duterte significantly wiping out crime and terrorism in the Philippines with his methods?,"""What do police officers think of Philippine president Rodrigo Duterte saying that police should """"shoot drug dealers who resist arrest'?""",0
"Which is the best for the IELTS exam, BC or IDP and in which city?",What is the difference between IDP and BC in IELTS? Why are people scared of IDP?,0
Is it weird that I don't feel a need to be in a relationship?,Is it weird that I don't desire to be in a relationship?,0
Which is a suitable inpatient drug and alcohol rehab center in Clay County AL?,Which is a suitable inpatient drug and alcohol rehab center in Greene County AL?,0
What's the best way to learn origami?,What is the best way to learn origami?,1
What is it like to be a portfolio company of Mohr Davidow Ventures?,What is it like to be a portfolio company of Nexus Venture Partners?,0
"""What kinds of things would data scientists want to know from a """"smart bridge"""" packed with sensors for recording traffic data?""",What kind of jobs would value business skills and machine learning expertise? I am a data scientist with an MBA but haven't learned ML.,0
What can I major in after B.A Poli sci? Need not be in the politics field only.I'm interested in photography.,"As a 17 year old who's interested in joining the political field in India in the future, what do I need to know?",0
How does www.yourdost.com makes money? Although it hire so many physcologists?,How do Startups like Bragout.com make money?,0
Is Mcom worth doing from SRCC?,Is an MCom worth doing from SRCC?,0
What are the main features of the Indian Constitution?,What is Article 370 of the Constitution of India?,0
Who and how is the face value of a currency note decided?,Why there are people's faces on currency notes? What does it denote?,0
Are there any characteristics that the Japanese economy has that do not align with the characteristics of the CME model in the VoC approach?,What are the characteristics of a problem that can be solved with dynamic programming?,0
How does it feel having a life without mother?  ,How does it feel to have wasted your life?,0
What are some crazy movies you love watching again and again?,What were some of the movies you’ve watched again and again?,1
"""Where can I get: Keith McCune """"The Internal Structure of Indonesian Roots""""?""","""Where can I get: """"The Internal Structure of Indonesian Roots""""?""",1
Which is the best coaching institute for GATE architecture in Bangalore?,Which is the best coaching institute for GATE architecture in hyderabad?,0
How do I stop my colleagues from bullying me?,How to stop colleagues from bullying me?,1
What are some good idea for small houses?,What is a good design of a small house?,1
What are the best option after completing my B.Tech in mechanical engineering?,What are all the available options for government jobs after completing B.Tech in mechanical engineering?,1
"""How good is """"it really works vitamins"""" for dense and thick hair?""",Why do witches have a good and dense hair ?,0
Why is J JAYALALITHA is like a God in Tamil Nadu? What is the reason behind this popularity?,Why was Jayalalithaa so famous in Tamil Nadu?,1
What is the fastest way to lose weight safely?,How can someone lose weight quickly?,1
"How can the drive from Edmonton to Auckland be described, and how do these cities' attractions compare to those in London?","How can the drive from Edmonton to Auckland be described, and how do these cities' attractions compare to those in Oshawa?",1
"""Why is """"I hate Americans"""" such a popular sentiment around the globe?""",Why do most of the Americans and other countries citizen hate Donald Trump?,0
How can I get a flat belly in a month?,How do I get a flat stomach in two months?,1
What is the relation of magnetic flux intensity to magnetic flux density?,"Does electric flux density, magnetic flux density have some physical significance?",0
How can I specifically improve my English?,How can I improve my pronunciation in English?,1
Was Jesus a Jew?,Is Jesus Christ a Jew or a Gentile?,1
How do you feel when someone upvotes your answer on Quora?,How does it feel to see upvotes to your answer on Quora?,1
What is bitcoin actually? Why is it not legal in India?,Is Bitcoin legal in India?,1
What are the best stories in interviewer ask simple question and student give tricky answers?,What are the best interview questions that are tricky and require presence of mind to answer them?,0
Why do the Marathis HATE North Indians but not South Indians?,Why South Indians hate North indians and vice versa?,0
Will I grow taller from 5'2 to 5'6 at age of 18? what will I do?,Can you grow taller at the age of 17?,0
What was on IMDb's Top 250 in 2012?,What was on IMDb's Top 250 in 2014?,0
"Has the economy in Finland been worse compared to the Scandinavian countries (Denmark, Norway and Sweden) during this year (2016)?","Want to enroll for Design for test course, which training centre is good?",0
How does wrist watch work on pulse?,How do wrist watch works on pulse bitrates?,0
How is life at PICT?,How's college life in PICT?,1
In what order should I watch the Marvel Cinematic Universe?,What are (moral) messages of Marvel Cinematic Universe?,0
If name and a/c no. on cheque don't match then is the cheque cleared?,Where is the cheque number in a cheque?,0
Where is the second moon of Earth?,When did Earth acquire a second moon?,0
Which is better: Yu-Gi-Oh! or Magic: The Gathering?,Is Yu-Gi-Oh! the TCG more for kids? Is Magic the Gathering more appropriate for adult audiences?,0
Why does Kakashi Hatake wears a mask under his mask?,Why does Kakashi wear the mask?,0
What are the hurdles to make India cashless?,How can India become cashless?,0
How can I open a bank account in Malaysia?,How can you open a bank account?,0
Why does my nose bleed?,What causes nose bleeds?,1
What's best way to reply when someone wishes you happy birthday?,What should you do when someone wishes you a happy birthday?,0
Who is Sigmund Freud?,Was Sigmund Freud mad?,0
"Is it bad when I wake up, walk to the hallway and feel like falling over and my eyes get blurry?",Is it bad that I play video games to distract myself from my problems and to see if theyll cheer me up when I feel bad?,0
Should I learn two languages at the same time?,Is learning two languages at the same time difficult?,0
What is the point of living if we are going to die and not remember anything?,If we are all going to die eventually. What's the point?,0
What is the PlayStation Vita?,Does the PlayStation Vita's 3G have to be with AT&T?,0
How do I eliminate homesick?,How do I stop being so homesick?,1
How do I lose weight without stopping?,How should I lose weight?,1
Is it possible to change a project in TCS?,Projects: How do I get a release from a project in TCS?,0
How do I gain 20 kgs in 6 months?,What are some suggestions to gain 5-6 kgs weight?,0
"If you are given a wish to choose one super-power, what will you choose?",You get to choose one super power. What would it be?,1
"How is it, all of a sudden, that the Chinese became so economically powerful and rich, while Americans and Europeans became poorer?",Is it easy as a white European handsome man to marry a rich Chinese girl?,0
What is football's best formation and why?,"In soccer, is the most aggressive formation 4-2-3-1? Is 3-5-2 or 3-4-3 more aggressive?",0
"What is sovereign Immunity, and why do we have it?",What is sovereign immunity?,1
Which are the best NMAT coaching institutes in Mumbai?,What is the best coaching for CFA in Mumbai?,0
Which casein protein should I buy?,"Is there any benefits of living alone, away from parents and friends due to studies or job?",0
How do I get VoLTE symbol in Redmi Note 3?,How to get Coupon code for jio sim in redmi note 3?,0
Why do my bipolar disorder and ADD worsen in the spring and summer?,"Why does a hotter body cool faster than a cooler body, with respect to ambient temperature?",0
Anybody wants know to know how you can make an extra $1000 a month?,How do I make $1000 as extra income/month apart from the regular job?,1
Where is the Milky Way Galaxy?,What is the Milky Way?,0
Is intellectual property really that important?,What is the importance of intellectual property rights?,0
Is it possible to travel time with real life?,Is time traveling possible in future?,1
How can I root Samsung Galaxy s2 plus?,How do I root my Samsung Galaxy S2 to Android 4.4.2 easily?,0
"What is the Sahara, and how do the average temperatures there compare to the ones in the Taklamakan Desert?","What is the Sahara, and how do the average temperatures there compare to the ones in the Karakum Desert?",1
How can I lose 4kg weight?,How do I lose 20-30 kg?,1
How many inches of fingernail does a person trim/grow over the course of their life?,How fast do fingernails grow?,0
Are there people in this world who favour Russia over USA or other countries?,How USA and Russia were allies in World War 2?,0
Why is my life so weird?,Is it weird that my greatest ambition in life is to be good looking?,0
How do I prepare for accenture campus interview?,How should I prepare for Accenture off campus interview?,0
How often do a Tesla's batteries need to be replaced?,Which speed (0-100km/h) could we attain with the tesla S P90D if the battery was 3x lighter and with the power that we need?,0
What are these specks on my laptop monitor? I can't rub it off.,What did it feel like to be stung by an Asian giant hornet?,0
"If Swiss German is considered a language, why doesn't Google Translate have an option to translate it?","""How can """"Google Translate"""" be used as a language learning tool? Is it reliable?""",0
How do googlers estimate how long they will finish their tasks?,How do people pay and outsource their daily tasks on social medias such as primarily Instagram?,0
Why does jack sparrow in poc at world's end turns the ship upside down? And then something explodes or changes what is that and why?,"What is the difference between quality assurance, quality control and testing?",0
Where can I find an online course for digital marketing?,Which are the courses on Coursera or other MOOCs to study digital marketing?,1
Under what circumstances would the production possible curve bowed in towards the origin?,Under what circumstances would the production possibility curve be bowed in towards the origin?,1
What makes a molecule a strong dehydrating agent?,How big is a molecule?,0
Where can I buy tents of good quality?,What is your backup plan?,0
What are some of the best monologues ever?,What are the best monologue?,1
What does crocodile taste like?,How did crocodiles spread across 4 continents?,0
What's the best way to forgive people?,How do you forgive other people?,1
Why do the films release on Fridays?,Why are Bollywood movies released on Fridays?,0
Should reservations be abolished in INDIA?,Will the caste-based reservation system come to an end in India?,0
Why did Osama bin Laden started hating America after the Soviet War in Afghanistan?,Why did Osama bin Laden hate America so much?,0
Can a biological virus be created to target only a specific DNA?,Could a virus be used to modify existing DNA to remove disease?,0
What's a good app to watch anime for Android?,Does anyone find Parasyte Maxim a good Anime to watch?,0
Using assembly language program how to access any location in 1Kb RAM memory space in P89V51RD2?,How much graphite is needed to make a diamond? What is the process?,0
What is the definition of human values? What are some examples?,What are human values for environment?,0
Are there people with real-life superpowers?,"Which real-life human beings exhibited abilities that could be considered superpowers, and what were their superpowers?",1
How can you determine the valence electrons in calcium?,How is the valence of calcium determined?,0
Enter the US on B1/B2 visa when my I-129 petition has been submitted by my company solicitor?,Can I enter the US on B1/B2 visa when my I-130 petition has been submitted by my company solicitor?,0
What problem in population counting?,"What are some of the everyday problems/difficulties of living in rural Italy, particularly Umbria? Not counting unemployment.",0
Which city is better to live in: Kolkata (Calcutta) or Ahmedabad?,Which city is better to live in: Kolkata (Calcutta) or Hyderabad?,0
"Would we be geniuses if we were able to use 100% of our brains? If we were able to use 100% of our brains, what effect would this have on our senses?",What would happen if we could use 100% of our brain?,1
"Do many people fake smiles, when they get their picture taken?",Do many people fake smiles when they get their picture taken?,1
Which answers does Quora show first for each question?,How does Quora decide the order of the answers to a question?,1
What type of guys do girls like?,What type of girls do guys like?,0
Why do Shias hurt themselves during the Islamic month of Muharram?,Are you not allowed to enjoy yourself in the month of Muharram?,0
Which are the best websites to sell artwork?,What are the best websites to market artwork?,1
How does ranking system work in Rainbow six siege?,"Emily is reading a long article. At the end, she restates the writer's main point in her own words. This is an example of what reading strategy?",0
What is it like to become a millionaire before age 30?,I am trying to become a millionaire before 30. Am I on my way?,1
What is the antonym of “funny”?,"""What is the antonym of """"acronym""""?""",0
How do I change/update my mobile number for both SBI online banking and SMS alerts?,How do I register my new mobile number in SBI?,0
What is a good way to learn the concepts required for my finance class without reading the book?,Are the constituencies number of each state is fixed?,0
How do a setup a home recording studio?,How do I setup a home recording studio?,1
Breaking Bad (TV series): Who was Gus Fring in Chile?,Breaking Bad (TV series): Why did Lydia get into the drug business in the first place?,0
What's the quickest and least painful way to end your life?,Is there a painless way to end my life?,0
Where can I find my merchant number?,How can I get a merchant number?,1
What would be the ranks given to different countries based on their defence technology?,I have designed an india-based car pool app. I would like to launch the same app in different countries. What are the steps I need to take?,0
Does 'perfection' exist?,Does perfection really exist?,1
What’s the worst thing that has happened to you?,What's the worst thing that's ever happened to you?,1
Does the Quran 8:70 imply that Muhammad had captives? How is this possible for the last peophet (for muslims)?,Does the Quran 8:70 imply that Muhammad had captives? How is this possible from the most perfect example for humanity (for Muslims)?,1
How does the Moon affect the Earth?,Does the moon affect the Earth?,1
How do you MIG weld?,What is MIG welding?,0
How should I confront my father for cheating my mother?,Should I confront the woman my father cheated on my mother with?,0
What should I learn to be an interaction design?,How should I learn interaction design? Where should I start?,1
Why do people ask questions on Quora that are easily to find answers too on Google?,"Why do so many people ask soppy questions on Quora, which can easily be Googled?",1
How do I cancel Quora?,How do I erase my profile on Quora?,1
What are some pop-up blocker options for a Mac?,What is a pop-up blocker?,0
Should I practice level 2 questions from arun sharma for SNAP exam? Or level 1 question are sufficient enough?,What is the level of Questions asked from Genetics in AIIMS exam(U.G)?,0
Can children see ghosts?,How can the children see ghost?,1
Why are there so many questions about Donald Trump on Quora?,Donald Trump: Why are there are so many questions about Donald Trump on Quora? ,1
How was the PM's speech on Independence Day 2015?,What do you think of PM Modi's 2015 Independence Day speech?,1
What is the best way to learn complex SQL queries?,What is the best way to learn SQL and how long it takes?,0
Who would win in a fight between Superman and the Flash?,Who would win in a fight between the Green Arrow and Superman?,0
What is the saddest thought you've ever had?,What is the saddest movie moment/scene you've ever watched?,0
How should I loose weight?,How can I lose an extreme amount of weight?,1
How can I check my BSNL Broadband usage?,How do I check the data left in BSNL SIM?,0
What are some of the best Linux tutorials online?,What are some best sites to learn Ubuntu Linux for free?,1
How do I network in theater?,Dose Cynicism (the creed of Diogenes) have any relevance to today's realities?,0
How do I prepare for history practical class 12 cbse?,How do I prepare for physics for a 12 CBSE class in 2 days?,0
Can we use Lloyd Electric Kettle for the boiling of milk?,Can we boil milk in a water kettle?,0
What is life in prison like?,What is jail/prison really like?,1
What do you answer if a girl you liked asked you if you liked anyone?,Do guys like it when girls ask them out?,0
Can time survive in a black hole?,Can you survive a black hole?,0
What is the name of the world's oldest tree?,What is the life expectancy of the world's oldest person?,0
Why do people ask questions on Quora that are easily answerable via a quick internet search?,Why do so many people ask google-able questions on Quora?,1
"""Did Nintendo's 2016 shortage of the NES Classic Edition have any affect on the sales of """"Super Mario Run""""?""",What is your review of Super Mario Run?,0
Why don't the major networks broadcast their news programs on the radio? I would love to listen to the evening news on the way home in my car.,Who are some great Japanese and Korean piano artists on YouTube?,0
What percentage of consumed food is used for sperm production in humans?,How do I increase amount of sperm?,0
Has anybody experienced increase in hairloss after using L'oreals volumetry shampoo?,What are some reviews of L'Oreal Feria Hi-Lift?,0
Why was Cyrus Mistry removed as the chairman of Tata Sons?,Why Cyrus Mistry has been replaced by Ratan Tata?,1
Would you like to know how to make unlimited income at home?,PAIN the LOWER LEGS?,0
What is a good website for free books?,Which is the best free e-book for website hacking?,0
What is the best way to avoid procrastination?,How can I overcome the procrastination?,1
How does a girl feel when I say I like her shoes?,How does a girl feel when I say I like her hair?,0
How can I change my routine?,How do you change your routine?,0
"Who is winning the presidential election, Trump or Clinton?",Who do you think will win Trump or Clinton?,1
How do I find investment properties?,How do you find the perfect investment property?,1
What are some kind words to say to a friend with a sick parent?,What kind of relationship do you have with your parents?,0
How many neutrons are in iodine?,How many neutrons in potassium?,0
How many bird sanctuaries are there in the world?,How many bird sanctuaries are there in India?,0
Where do I start in order to succeed in life?,How does one succeed at life?,0
Do white people implicitly discriminate against Asians?,Why is there sometimes discrimination against Asian Americans or Asians in the US?,0
What happened in 1492 with Christopher Columbus and the Native Americans?,Can somebody explain to me on what happened with Christopher Columbus and the native Americans?,1
How significant are the effects of climate change?,What are the most possible consequences of global warming?,0
How can one root android devices?,What are some ways to root an Android device?,1
How do I get my likes and followers up on Instagram?,How do I increase likes on Instagram?,1
What's the best time of year to go to Paris?,What is the best month to visit Paris?,0
"When you sell a property that you have not finished buying (say 7 years paid of a 30 year mortgage), what percentage do you keep from the sale?",Does the 401k plan save you any money at all?,0
Blood pressure 140/90 at the age of 28 male. How bad or serious it is?,"""Why is 120/80 considered normal blood pressure? What's the logic behind 120 and 80? Is that value normal at any age, or does """"normal"""" change?""",0
What are the best ways to lose weight in your face?,How Can I lose more weight from my face?,1
What is horizontal brands?,What is Horizontalism?,0
How do I increase concentration in banking?,How do I increase my concentration?,0
What are some tips on how I can become more intelligent/wise?,What are some of the things people in their 20s can do to become more intelligent?,1
"In layman's terms, what is spacetime in string theory?",What is string theory in layman's terms?,0
"Which is the best brand among Mercedes Benz, Audi and BMW in terms of brand value and legacy?","Which German car brand out of the following is most desireable: Mercedes Benz, BMW or Audi?",1
Which is the best site to learn and practice big data online?,What is best site to learn big data in Hindi?,0
What do doctors hate that people normally do?,I hate the human species. Is that bad? Explain.,0
Why do HAL sucks?,Why does HAL suck so much?,1
How do jet lighter torches work?,How should a Zippo lighter be started?,0
Natural suplements that can help in increasing height?,Hairfall for 6 months. Have tried anti dandruff therapies but no improvement. It hurts and itches at the scalp. What do I do?,0
Which books are a must read for an English literature student?,What are the must-read books for a literature student?,0
Could World War lll happen in the future?,Would World War 3 happen?,1
How could I control my emotions and my negative thoughts?,How can I control my emotions?,1
What is the difference between a sedan and a coupe?,What is the difference between a hatchback and a sedan?,0
"""Is Reform Judaism becoming more """"orthodox""""?""",What is Reform Judaism?,0
How do I avoid sleep while studying?,How can I tolerate my sleep during late night study?,0
What do you do if you witness a crime?,What would you do if you witness a crime?,1
What is the difference between constitution of india and indian polity?,I am studying b tech COE in DTU.i m giving my end semester exam.what should be my strategy now?,0
What are the reviews of Davisco whey protein?,Is Davisco Raw Whey Protein actually effective?,1
What is the performance review of employees like at Zynga?,"What is the employee turnover rate in gaming companies like King, Supercell, Machine Zone or Zynga?",0
How do you video chat on Facebook on a mobile device?,How do you video chat on Facebook mobile?,1
How I could turn off camera shutter sound of Moto G3 Android marshmallow?,How can I turn off the camera shutter sound in moto g3 with android M?,0
I'm 15 and I really like a girl. She's lesbian but there's a 40% or so chance of her being bi (mostly me hoping). What do I do?,"Ok so theres a girl I really like. Whenever I texted her, she always replied back but is not doing so for a couple of days. Does she find me annoying?",0
How much time it takes to get B1 Visa for USA?,How much time does an OCI Visa take to get approved in India ? ,0
How do I study for longer hours?,How do I concentrate and study for longer hours?,1
Is there less water in one litre of sparkling water than still water?,What is sparkling water and still water?,0
"Can we write blogs on Quora? If yes, then How?",Can I write blogs in Quora?,1
How do you stop procrastinating on Facebook?,How can I stop procrastinating?,0
How do I get 8 ball pool coins using hack generator without paying any money?,How can I add unlimited resources in my 8 Ball Pool Hack game?,1
Can people teleport randomly?,Can people spontaneously teleport?,1
Is Paul Pogba overrated?,Is Paul Pogba Muslim?,0
What causes the soil fertility to diminish?,What are the causes of loss of soil fertility?,1
What is your favorite historical event?,What is your favorite photo of a historical event in history?,0
Do you think the shape of filipino consciousness is natural? Explain briefly,Do you think the shape of Filipino consciousness is natural? Explain briefly?,1
What are the most interesting products and innovations that Spark Therapeutics is coming out with in 2016?,What are the most interesting products and innovations that United Therapeutics is coming out with in 2016?,0
What can I do to get a job without an experience?,How can I get a job without career experiences?,1
Who is the best orthopedic surgeon in NYC?,Who's the best orthopedic surgeon in Pune?,0
Can mechatronics engineer work in Marine engineering?,What is the difference between mechatronics engineering and control engineering?,0
Are there any security features in Rs 2000 and Rs. 500 currency notes to make them counterfeit proof?,What are the security features of a new Rs. 500 and Rs. 2000 notes?,1
From where I can LEARN Ethical Hacking?,How do I learn Ethical hacking as a beginner?,1
Why is Salman Khan doing another remake?,Why is Salman Khan remaking South Indian hit films?,1
Is the earth flat? Is there a sky dome?,Is the Earth flat?,1
What do pastors have to say about Noah's ark?,Why do rational people believe in Noah's Ark?,0
Which car services are available in Denver? How good are they compared to taxis and relative to each other?,Which car services are available in Atlanta? How good are they compared to taxis and relative to each other?,0
How can I transfer money to Nepal?,What is the fastest way to transfer money?,0
What happens when you don't eat after exercising?,Have you ever been kidnapped?,0
Do girls get attracted to skinny guys?,Are women more physically attracted to skinny guys or to well-built guys?,1
Does Palantir give its employees raises?,Which of Palantir's employee perks are available at their London office?,0
"Psychopaths, who is the most difficult type of person for you to manipulate?",How do you manipulate a psychopath?,0
How can I view deleted Instagram dms?,How can I recover a direct message on Instagram I deleted?,0
What are the differences between being considered chubby and being considered fat?,Why is swimming considered to be fun?,0
What is prison for?,What is prison like in China?,0
Why do companies register in Delaware?,Why do a lot of public companies incorporate themselves in Delaware?,1
For how long does an iPhone alarm persist until it turns off on its own?,Is it possible to set an iPhone alarm that will work even when the phone is turned off?,0
How can I prepare for fintech product manager interviews?,What are some tips for preparing for a product manager interview?,0
What is your review of Electric Now?,What is your review of Electricity?,0
Is it possible that Singapore will re-merge with Malaysia one day?,Is it possible that Singapore will be back to Malaysia in the future?,1
How should I prepare for NEET-2017 in 6 months? Which reference books I need to refer apart from my coaching material?,I am going to write the CAT 2018 and for that I wanted to start preparing from now. From which topic do I need to start the preparation? What are the books that I need to refer?,0
Do grades of 10th and 12th matter for admission in top MBA colleges?,12th percentage matter in MBA admission?,1
What does the blue checkmark in Facebook Messenger mean?,My friend is on Facebook Messenger but my post to them is still blue. Why?,0
How can paralanguage undermine verbal message?,How can verbal messages be reinforced by paralanguage?,0
What do you think about Modi government banning 500 & 1000 currency note from 9th November?,Why is the government abruptly banning the 500 Rupees and the 1000 rupees currency notes in India?,1
Where are the entrances to the High Line park in Manhattan?,Why do New Yorkers find the High Line so fascinating?,0
What are the best xkcd comics about love?,Who makes the xkcd comics?,0
What are some rhetorical strategies?,What is rhetoric?,0
What are some mind-blowing Wearable gadgets that exist that most people don't know about?,What are some mind-blowing Wearable tools that exist that most people don't know about?,1
What is the best way to develop an Android app from an iOS app?,How do I get started with Android application development?,0
What are the best Technology inventions available?,What are the best inventions and technology?,1
"Is there a collaborative, real-time video editing software?",What is the best software for video or audio editing?,0
What is Mingle2?,How can I track a WeChat chat?,0
What is utility?,What is utility programs?,0
WHEN will Redmi note 3 get Marshmallow?,Will Redmi Note 3 get Marshmallow Update?,1
Do people change?,Why do people change?,0
How can you make flat couch cushions at home?,What can I do if my toilet is clogged with paper towels?,0
What is reference state?,What is a reference?,0
How does one become a private military contractor?,How can I become a private security contractor?,1
The Internet: What is the worst thing on the deep web that was proven to be real?,What is red room in deep web?,0
What are some good workout routines that mainly include cardio and simple workouts?,What do you think about the hypothesis that the Ediacaran biota were actually native to Earth?,0
What is the funniest joke you ever heard?,Tell a joke that the funniest you have heard?,1
Do Indian men prefer light or dark skin?,Do dark skinned Indian girls like dark skinned Indian guys?,0
What is a healthy diet for people with ADHD?,What is a healthy diet for a teenager?,0
"Does Diphenhydramine cause drowsiness? If so, why?",Why does diphenhydramine cause drowsiness?,1
How would an English native speaker pronounce Xerém?,How would an English native speaker pronounce GUI?,0
What is it like to study in Germany for foreign students?,What is it like to study in Germany?,0
Did matter exist before the big bang?,What actually existed before the Big Bang?,1
"When talking to a potential knowledge expert regarding a clients information need, do you disclose the client's/company's name? (Interview at GLG)",How long after a complaint is made to the police do they take to come and see the person?,0
"Do new 2000 INR really have a NGC (Nano GPS Chip), or is it just a rumour?",Is this NGC (Nano Gps Chip) real?,1
Was anyone successful in using jio 4g sim in 3g phone?,How do I use the Jio 4G sim in 3G cellphone?,1
How should I start preparing for CAT ?,When should I start preparing for the CAT 2017?,0
"What are some important things that some groups of people know, that others don't?",What are some important things you know but others don't?,0
"I am going abroad for masters, should I convert my account from savings to NRE or NRO?",India: Do I need to pay taxes in USA again on money brought back from NRE/NRO accounts in India to USA?,0
What are some other movies like Lucy?,Are there more movies like Lucy?,1
Why is star-delta used in motors?,How do I make delta star transformation?,0
Is 250w PSU is enough to run these:- Fx 4300 and processor. Sapphire radeon r7 250 GPU. Gigabyte g8 78lmt USB 3.0 motherboard?,Can I add USB 3.0 to my Mac Pro?,0
Did anyone get rejected for Canadian student visa despite meeting all the requirements?,Is it really tough to get a Canadian student visa?,0
Has the T20 format completely washed away the love for ODI and Test Cricket from the brains of Indian people?,"What are the funniest moments in Cricket in 2015? (Test + ODI + T20 + IPL, any type of format)",0
What would be the best laptop under Rs. 50k?,What are some of the best all-in-one laptops under 50k?,0
"Were there 7 Horcruxes -- not 6 as Dumbledore intimated to Harry? If so, does this mean that Voldemort had an 8-part soul?","When Harry was a baby, Voldemort tried to murder him which resulted in what would have killed him if he didn't have Horcruxes. Wouldn't this mean that he would have had to use one of his Horcruxes to stay alive?",0
What is the best way of full link-building?,I have huge collections of coins of European countries before Euro and old USA coins. How do I sell them?,0
Why is moonlight fluorescent?,Why don't fluorescent tubes produce a shadow?,0
What is best credit card?,What's the best credit card available right now?,0
Why do people try to ask silly questions on Quora rather than googling it?,Why do some people ask questions on Quora that could easily be answered by using a search engine?,1
Who is better Trump or Clinton?,Who is better Donald Trump or Hillary Clinton and why?,1
What universities does Metals USA recruit new grads from? What majors are they looking for?,What universities does Commercial Metals recruit new grads from? What majors are they looking for?,0
Time Travel Is It Possible?,Will time travel be possible in the next 10 years?,1
How is the price of real estate determined?,How do I price real estate products?,0
"""How do I keep my profile from appearing in """"People You May Know"""" feeds?""","""Does your profile get added to a person's """"People you may know"""" list, after searching for them on Facebook?""",0
What is the best decision you' ve ever made?,What has been the best decision you've made in your life?,1
What is an intuitive explanation of upper hemicontinuity and lower hemicontinuity?,What is an intuitive explanation of regularization?,0
How can you tell if your male teacher likes you more than just a student?,How can you tell if your male teacher is flirting with you?,0
What is the quickest and least painful way to break a leg?,Does the pain from breaking a bone ever go away?,0
What is the track to learn information technology?,How should I learn information technology?,1
How nerdy is MIT?,How nerdy are MIT students?,1
How do I find out what operating system I have on my Macbook?,How do I find out what operating system I have?,0
How much do genuine leather jackets cost in Norway?,How much do genuine leather jackets cost in Germany?,0
Can narcissistic psychopaths become infatuated with someone?,Can someone be a sociopath or psychopath and also be legitimately diagnosed with RAD?,0
What are the limitations of a GPU to work as a CPU?,Should one invest in CPU or in GPU for CGI rendering?,0
Can depression lead to insanity?,Does stress or depression lead to mental illness?,0
How one can define success?,What do you define as success?,1
I am a graduate or bout to in 2017 and I have 55% till now with some arrears will I get any job in goverment or private sector?,Is there a picture or a police sketch of what Cotton Eye Joe really looks like?,0
Can I get funded based on my startup idea?,How do I get to just tell investors about my startup idea?,1
I cant download the stuff in my new phone Lenovo vibe k5 plus by Jio 4G.nd if its starts downloading the tye speed will be in bytes?,Is there a way of tracing where a photo (now a meme) was taken?,0
How can I file a complaint against a business?,How do I file a complaint against apartment managers?,0
What is the logic behind humans being so weak in comparison to other creatures in Dark continent of hunter x hunter?,Discuss the factors which influence the strength of timber and explain how the strength of timber is assessed in practice?,0
How can you recharge Energizer Ultimate Lithium batteries?,Should I go to Brown or CMU given that I want to become a tech entrepreneur?,0
Is 800cc petrol engine powerful enough for indian rural roads? Can it carry 5 passengers comfortably? Especially asking for Renault Kwid,What could be the max speed of Renault kwid?,0
What is the function of a frog's gallbladder?,What function do tympanum frogs play in their ecosystem?,0
Does Dan Bilzerian pay a salary to all these women that follow him?,What is Dan Bilzerian's daily overhead to hire all these girls?,0
What are ways to boost my metabolism to burn more weight effectively?,What are the ways to boost metabolism?,1
Why North Indians like to abuse?,Why do North Indians use so many abusive words? Do they think using abusive words makes them look so cool to the North Indian girls?,0
Which is better one plus one or moto x play?,Which is better One plus 2 or Moto z play?,0
How many faces would you have if you were given the choice?,How many face would you have if you were given the choice?,1
Which are the best models for stock analysis? How should a beginner start?,What is the best book for technical analysis of stock trends?,0
If trump won what would happen to global markets?,What will happen to the stock markets if Trump wins?,1
Is big basket good?,Is BigBasket good place to work ?,0
What will the preprocessor do for a program?,What is preprocessor in c?,0
"If we prevent people with low IQ from reproducing, would humans eventually evolve to be smarter?",How common is it for physicists to find writing papers easier than reading papers?,0
What are some very good websites or pieces of  software that are banned or not available in India?,I am a software engineer at very good IT firm in India. To me everything seems interesting at the beginning and then I loose interest. Why?,0
What songs are on Tap Tap Revenge 4?,What are the songs in Tap Tap Revenge 2?,0
I’d like to appear for CAT 2017. How can I start preparing from scratch?,How will you start your CAT preparation from scratch?,1
"What are some characteristics of the West coast of the United States, and how does it compare to the Midwest?",My ITR-V has place as pune instead of bangalore. can I strike it off and post it?,0
Is it illegal to follow a celebrity for a long period of time?,Is it illegal to put my artwork of a celebrity on clothes and sell it on my store?,0
What are some interesting facts about sharks?,What are some interesting facts about whale sharks?,0
"What is the Sahara, and how do the average temperatures there compare to the ones in the Atacama Desert?","What is the Sahara, and how do the average temperatures there compare to the ones in the Great Sandy Desert?",1
How can I improve me problem solving skills?,How can I improve my algorithmic problem solving skill?,0
What is corruption in india?,Is the media corrupt in India?,0
What is the use of a Six Sigma Green Belt certification?,Is the Six Sigma Green Belt certification useful?,1
How do you write questions that attract more and better answers?,How can I write more popular questions and answers?,1
How electronegativity affect interactions between water molecules?,In what ways are the thermodynamics of hydrophobic interactions between molecules different from hydrophobic hydration around molecules?,0
"""How will you know if someone has turned on the """"post notification"""" on your Instagram?""",I got a notification on Instagram that someone had also commented on something but when I clicked on it it didn't redirect me anywhere. What is this?,0
"""What are the best """"best friend"""" quotes?""",What are some short best friend quotes?,1
How do you create blog in Quora? What URL shall I use?,How do I create a blog in Quora and enter the correct URL?,1
How did the Modi government manage to surprise almost everyone by demonetizing the 500/1000 notes?,How did PM Modi maintain secrecy about demonetizing currency notes?,1
Which is the best brand suit to wear in India?,What are some of the the best designers and brands for men's suits?,0
Is it possible for antibiotics to cause acne?,How could antibiotics cause acne?,1
"""Indian university which follow"""" international education """"type system?""",How can you best describe the Boston tea party?,0
What is the diffrence betweeen inductor and capacitor?,"What is the principle behind a non-linear resistor, non-linear capacitor, non-linear inductor?",0
When neet bill hearing in rajya sabha occur?,How can I best use my Casio Watch?,0
What are loopholes/cons of government's decision of banning 500 and 1000 rupees notes?,What are some loopholes in banning of 500 & 1000rs notes?,1
"Which stock is good to invest $4,000 in now?",Is Yahoo a good stock to invest now? I have some extra cash now.,0
How many police officers were fired in the USA in 2016?,Why are police officers so fat?,0
How do I get into NYU journalism?,How did you get into NYU?,0
What are the best places to travel outside India?,What is the best place in India to visit?,0
"How is it to live in Belgium as an average citizen, meaning the lifestyle and the people, etc.?","Where can I find stories or statistics about people who change their lives dramatically after turning 50. I don't mean the usual mid life stuff such as buying a red sports car etc, I mean changing their lifestyle in a major way.",0
Why do lions eat meat but not vegetables?,"Why don't people eat elephants, tigers or lion meat?",0
Is it true that the face is the index of the mind?,How is face in the index of the mind?,0
How can I solve a rubic cube 3x3x3?,How can one solve Rubik’s cube 3×3×3?,1
Why don't people like jury duty?,Why don't people like deep people?,0
How do I find out which people I am following on Instagram do not follow me back?,"I am following a guy on Instagram, and he is following me back. How can I start a conversation with him on Instagram?",0
How do I prepare for anthropology as a main subject in the UPSC mains?,How do I prepare for psychology subject in UPSC Mains?,0
Which is the best online test series for banking exams?,Which one is the best online test series for bank exams?,1
What is the thing that you find most difficult to explain to other people?,What are the things that you find most difficult to do?,0
How is technology changing the culture of Switzerland?,How does technology change culture?,0
What are some tips on making it through the job interview process at M/I Homes?,What are some tips on making it through the job interview process at LGI Homes?,0
"How cold can the Gobi Desert get, and how do its average temperatures compare to the ones in the Registan Desert?","How cold can the Gobi Desert get, and how do its average temperatures compare to the ones in the Taklamakan Desert?",1
What are your opinions on Brexit?,What are your views on the Brexit?,1
How can I get peace of mind?,What gives you peace of mind?,1
Who do you think will win the 2016 presidential election?,Between Trump and Clinton who will win US presidential election?,1
What is the best shampoo/conditioner remedy for very dry and frizzy hair in India?,"I have a very dry and frizzy hair. I want to get a shiny, smooth and soft hair naturally. What are some ideas?",0
What is the best stock to invest in 2016 and why?,What are the best stocks to invest in for 2015?,0
Which books are a good place to start learning about Six Sigma methods and philosophies?,"Some people worship Ayn Rand, while others are totally against her books/philosophy. What should a young adult know about her book before starting it?",0
How to learn piano?,What is the best way to learn piano for adult?,0
What is the best way to earn money through online?,What are some best ways to earn money online?,1
How do I not look flaky in a concealer?,What is the best under-eye concealer?,0
How many times have you lost your wallet?,What should you do if you've lost your wallet?,0
What is constitutive modelling?,For a model house what material should I use to light it up?,0
What will be the replacement for the ISS when it is shutdown in 2024?,Will bigelow commercial space station be the substitute of the ISS in 2024?,1
what is the way to start career in digital marketing?,How do I start a career in Digital Marketing?,1
Company wants me to resign without serving the notice period.But I need it badly as I do not have a job and want to sustain myself.What should I do?,What is the use of text line segmentation?,0
What does it mean if my teacher who is 3 years older than me also looks into my eyes whenever we face each other?,I’m a girl and I don’t like older guys. Even 3–4 years older than me. Why? Is it normal?,0
"Why were US carriers absent from Pearl Harbor on December 7, 1941, yet all the older, slower battleships were still there?",What would have happened if the Japanese had not attacked Pearl Harbor? Would the U.S. have still gotten into the war with Germany?,0
How much money does an Indian need to tour Europe inclusive of VISA fee and how many cities would that cover?,How much duty fees would I need to pay if I bought many tons of pork knuckles from Germany and have it shipped to my home in Switzerland?,0
What are some best topics for blog according to trends? Which kind of topics will grab more attention?,Does broken temper effect touch sensitivity?,0
What is the average pay for a good freelancing iOS developer?,What Is the average income for a freelance iOS app developer?,1
What is the difference between a visa and a passport?,What is the difference between a passport and a Visa?,1
What are some mind-blowing Drivers accessories that exist that most people don't know about?,What are some mind-blowing Car tools that exist that most people don't know about?,1
What is the compensation package for a new grad software engineer starting at Evernote in 2014?,What is the compensation package for a new grad Software Engineer starting at Apple in 2014?,0
What is the best way to request a letter for a school admission?,How do I write a requisition letter for school admission?,1
What is the difference in a country's expansionist and imperialist tendency?,How does it differ from other countries?,0
Top 10 personality development books?,Is the Samsung S5 work for virtual reality?,0
How do I arrange an Indian kitchen?,If we can use air instead of water in half shade polarimeter practical for the measurement of specific rotation of cane sugar solution?,0
What does this mean 14601.2(A)?,What does n! =2 mean in C++?,0
What's the current state of the American education system and is it being effective?,What are the problems with the U.S. public education system and what can be done to fix them?,0
Do cars with bigger wheels travelled fast than those with smaller?,"While going uphill  , one should prefer a car with bigger wheels or smaller wheels or it does not depend at all?",0
I am seeking for a buyer who is interested to buy Bangladeshi germent products?,I'm interested in creating a new electronic product for a particular niche. It would be similar to other products out there but for a different use case. How can I find out who manufactures these other products to approach them about working on my product as well?,0
What happens if I took Dayquil and Nyquil together?,What happens if you force yourself to stay awake on NyQuil?,0
Why do finance ministers carry a briefcase while presenting a budget?,"While presenting the budget in the parliament, What do they bring in those big bags and briefcases?",0
"""How does price mechanism solve the problem of """"what to produce""""in every economy?""",Is the price of mechanism an effective way to solve basic economic problems?,0
What is 'open-mindedness'?,"""What is """"open mindedness,"""" according to you?""",0
What do the black/red/white/yellow number plates in Indian vehicles imply?,Can I use Tamil numerals in my vehicle number plate?,0
What is a trigonometric curve?,What are the trigonometric ratios?,0
What accounts for the success of Elon Musk and his various companies?,What is the defining skill that Elon Musk possesses that has led to his success in so many industries?,1
Which are the top 5 banks in kerala based on assets and branches?,Is Sagotour the top tour operator in Kerala?,0
How thick is the endometrium at ovulation?,What should be the normal endometrium size during ovulation? What are some signs of abnormal size?,1
How can I get a complete list of all old Gmail accounts in my name?,How can I find all my old Gmail accounts?,1
How can I really slow down my aging process?,How can I slow down the signs of aging?,1
How is wheat gelatin made?,What is wheat gelatin?,0
What are characteristics of highly emotionally intelligent people?,What are some characteristics and personality traits of charming and intelligent people?,0
How did the cost of living in Berlin become less when compared to other cities in Germany (Munich/ Hamburg/Frankfurt)? Shouldn't it be more when all the young people (artists/musicians) try to move in this metropolitan city?,North East: How do you compare the cost of living in a state like Meghalaya to that in Delhi or any other metropolitan city? Is there a significant difference or is it too subtle?,0
Can you view pictures on Instagram without an account?,How can I view someone's private Instagram?,0
What is the best way to improve my reasoning and quantitative abilities?,How can I improve my quantitative ability for CAT?,0
Why does batch normalization help?,How do I prepare a database? What are some sites that may help me clear my concept and some to practice normalization concept?,0
What exactly is the smell of a new car?,Why do new cars have a new car smell? Is there a product that can make your car smell like that again?,1
Which is the best cigaratte in India?,What are the most surreal places one can ever visit in India?,0
What's the daily diet and exercise for a 14-year age girl?,Should I only do bodyweight exercises as a 14 year old boy?,0
Why does my fence now look like this where there should be new boards?,What is the best way to get selected in Indian Sniper team?,0
Are psychopaths common or rare in this society?,Where can we get details about how rich is ken block?,0
How can I live a simple life?,How can one live a simple and fulfilling life?,0
What would Voldemort have done if he survived and escaped at the end of the 7th book instead of dying?,Cricket (sport): What if I can bowl at a speed of 150 kmph in India?,0
Will we lose net neutrality again and what would happen if we did?,What would happen if we lose net neutrality?,0
How was ovarian cancer treated in the 1930s?,How was cancer treated in the 1960s?,0
Is Donald Trump fit to be the President of the United States? Why or why not?,Would Donald Trump be a good president?,1
How do I download udemy course videos?,How do I download udemy course with captions/subtitles?,0
What can people do to stop voter suppression?,Are you an undecided voter?,0
What are the best resources to learn Javascript?,What are the top 5 resources for learning Javascript?,1
What was first word spoken by human?,What is the first word ever spoken?,1
How can I make my parents feel proud?,How can I make my parents proud?,1
Which liquid materials have a strong odor and a weak odor?,I have bad body odor and eat a lot of spices especially garlic. Any advice or anything I could try first (other than eliminating garlic)?,0
How do I geolocate with a sim card?,Can you geolocate a sim card?,0
How will the ban on 500 and 1000 rupee notes bring out the black money of the big shots who have lots of it in the Swiss bank in a different currency?,How can the new ban of 500 and 1000 rupee notes be helpful in bringing back the money from Swiss banks?,1
What is the future of e- commerce in India?,What would be the e-commerce future in India?,1
What kind of training does astronauts go through?,What kind if training do astronauts in NASA go through?,1
Where does I lodge a complaint against a Rajasthan roadways bus driver?,Where should I lodge a complaint against a Rajasthan roadways bus driver?,1
Why should I learn copywriting?,How do I learn copywriting?,0
"Can a boy and a girl be best of friends, without any strings attached?",Can a girl and a boy be best friends forever?,0
Which is the best source to know more (including any licencing) about how to start trading in physical Gold in India?,I want to learn about markets ans trading? How stock prices go up n down n market fluctuations? Which is the best source I should start with?,0
"If you have made a free Android app with 10,000+ downloads, how much ad revenue are you making?",How much ad revenue can be generated from an android app?,0
Can I consider job in AGT company at Regina Canada?,What are promising jobs in Canada?,0
Should I reconsider going to US for MS since Trump has won?,Should I apply for MS in US after Donald Trump in White House?,1
How can you remove permanent marker from plastic?,How do I remove permanent marker from rubber?,0
What are the safety precautions on handling shotguns proposed by the NRA in Utah?,What are the safety precautions on handling shotguns proposed by the NRA in Georgia?,1
Which is the best area for shopping in Chennai?,Which are the best shopping areas in Chennai?,1
What is the best way to write a cover letter head?,How do I write a cover letter for my PhD?,0
What is the biggest achievement of your life?,What is the biggest achievement in your life?,0
Why do certain people stay at the top in likes in Instagram?,Why do people pop up on the top section of Instagram?,0
How do I trademark my logo?,How can I register a logo for a trademark?,0
How long can you live without food?,How long can one survive working only without food?,1
What are some great flying machines?,How can I fly without any machine?,0
Are the voting booths set up on the reservations?,Are voting booths set up on reservations?,1
When should you downvote a comment?,How do I use downvote correctly?,1
How many days should I be on diet to loose my belly fat and get six pack abs?,What combination of diet and exercise tips can result in losing belly fat and building six pack abs?,1
"I am turning 25 in about a month and am currently questioning what I am doing with my life. I have no degree although I do have some college. I am currently at a 9-5 with a bike company. I am an avid cyclist. So it is not terrible, but the pay would not allow me to start a family or get married. Should I quit my job and go back to school?","I'm serving a 4-year enlistment with the Marines, I have no college degree yet. What should I do to become a pilot? Join the AF, Navy?",0
Which really are the benefits of reading?,What are the benefits of reading and writing?,0
What is the way to find the best mobile app development company in India?,How do I hire the best mobile apps development company in India?,0
How do create a website?,How can I start creating or developing a website?,1
"How has Manish Sisodia performed as Delhi's Education Minister, till December 2016?",How can I meet the Chief Minister of Delhi?,0
What does it mean that every time I look at the clock the numbers are the same?,Is it good that mostly every time I look at a clock it's 11:11?,0
How does it feel to be an IRSE?,What best things can one do after joining the railway at IRSE?,0
Can you suggest simple ways to catch up with the latest technology?,What are the latest technologies in the computer field?,0
How do I get my iCloud password?,What should you do if you can't remember your iCloud password?,1
How can a foreigner get a job at NASA?,How can an Indian get a job at NASA?,0
What should I have learned from a father?,What have you learned from your father?,0
"Which book is better for the quantitative aptitude in CAT, Arun Sharma's or Nishit Sinha's?",Is Arun Sharma's quant book good for cracking the CAT?,0
What are some interesting facts about Aztec civilization?,What are some interesting facts about Aztec religion?,0
What are some foods to improve eyesight ?,What are some of the foods that I should eat to protect my eyesight?,0
Did trump research rightwing media for an entire year to determine the rhetoric of his campaign and fool republicans and Dems alike to win presidency?,IS 48k pound pre tax a good salary for 3 people to survive in london?,0
Why does sickle cell anemia cause pain?,Can a sickle cell anemia be cured?,0
Can I get into IP university by scoring 232 marks in UPSEE UPTU exam? My rank will hopefully be around 30000 (not considering girl quota)?,How do I get good marks in physics in uptu exams?,0
Which airline experience is the best to travel to US from India?,What is the best airline to fly from India to USA?,0
How can I develop patience and love towards reading?,How do I develop the patience to read books?,1
"What are the differences between Aryan, Caucasian, European, and white, and why do people conflate them?","""What are some ancient descriptions of Europeans or """"white people"""" from other parts of the world?""",0
Are there differences between Tamilians and Malayalis?,Is there any difference between Telugu and Tamilian?,0
Is RBI going to launch Rs 2000 notes?,Is Government of India really going to launch these 2000 INR currency notes? Check description.,1
What are some top hollywood movies?,What are must watch Hollywood movies?,1
Who should be given the best hero position in a country like India?,What do foreigners feel when Indians eat with their hands?,0
What are some highly acclaimed movies or TV shows on Netflix that deserve the praise they've received?,What are some movies that did not get the public acclaim they deserve?,0
How was your day? What did you do today?,What did you do today?,1
What do the Japanese think about China?,What do the Japanese think of Chinese people?,1
Moto G3 : How can I kill all running applications at once in marshmallow?,Why Moto G3 is disabled for VOLTE after upgrading of Android-marshmallow? Before it was working smoothly.What is the way to get back this facility?,0
What is a good broker for people living abroad?,How good is to live abroad?,0
Which is the best laptop to buy under INR 50K?,Which laptop should I buy for 50k INR?,1
Why do some people hate politicians?,Why do so many people hate or despise politicians?,1
"I'm 31 and decided to join a medical school, is it too late?","I'm 27, is it too late for me to go to medical school?",1
"How do I go from $0 to $1,000,000?","How would you go from $0 to $1,000,000?",0
What is your deepest secret that you have never told anyone in real life ? (submit anonymously),What are some of your deepest and most horrifying secrets that only you know about?,0
"""How did the """" _ + _ + _ = 30 using 1, 3, 5, 7, 9, 11, 13 and 15"""" riddle become so popular?""","What is the function for the serie 15, 0, 1, 14, 3, 12, 13, 2, 7, 8, 9, 6, 11, 4, 5, 10?",0
What are the things that can't be changed in life?,What are the things that changed your life?,0
What are the best smartphones under 10000 in 2016?,What is best smartphone under 10000 INR? Why?,1
What is the quickest way to make money?,What are the quickest ways to make money?,1
What is the expected price drop in iPhone 6 as iPhone 7 is released?,What price drop is expected for the iPhone 6 when they release the iPhone 6s/7 in September 2015?,0
"What are the most common traffic convictions in Arkansas, and how does the severity of the convictions differ in Oklahoma?","What are the most common traffic convictions in Arkansas, and how does the severity of the convictions differ in Ohio?",0
What is the best way to learn phrasal verbs?,Why should I learn phrasal verbs?,1
How can I lose 25 pounds in a month?,Which exercises can boost you enough to lose 30 pounds in 1 month?,1
If AAP gains power in Punjab who are the potential CM candidates?,Who can be the CM candidate for AAP in Punjab assembly elections?,1
Which American restaurant chains can be found in Norway? What do Norwegian people think of them? C *,Which American restaurant chains can be found in Norway? What do Norwegian people think of them? C,1
"""Is it possible for ethnic Jew to go from Aliah to receiving Darkon in less than 6 months, and avoid phase of """"Laissez-Passer only for new Olims""""?""","""Which of the following 2 statements is right- """"All my hopes were duped"""" OR """"All my hope was duped""""?""",0
What does dollar-and-cent point of view means?,Would you lose half of your IQ points for 1 million dollars?,0
How can I deal with emotionally abusive parents?,How should I deal with a verbally and emotionally abusive person?,0
How can I get more likes on my Facebook picture?,How do I get more likes on Facebook page quickly?,0
What's the difference between k ok and okay?,Can you recommend a well-rounded collection of short stories by various writers?,0
It seems that all great developers are self taught. Are there any exceptions? Is there any standard training other than getting a CS degree?,"What can a self-taught programmer to be, learn other than web development?",0
How does a car salesmen use personal selling?,How should you sell your used car if you want to sell your car in a day or two and not use Craigslist?,0
How do I get my startup funded?,How can I get funding for my startups?,1
Are dingoes edible?,Are the flowers of bitter gourd edible?,0
Which is the best smartphone I can buy under 15000 in july 2016?,Which is the best Smartphone under INR 15000 ?,1
What does it feel like to be stabbed with a knife?,How does it feel to be stabbed?,0
What are the best institutes for MS in USA?,What are the best choices for an MS in the USA?,0
Why do people ask questions on Quora instead of Googling it?,Why do people ask questions on Quora that are easily answerable via a quick internet search?,1
What are the diferrent types of wiring used to domestic dwellings?,How big was the Roman Empire’s army in the end?,0
How do I fix my garage door opener?,How can I replace a garage door opener?,0
What are the chances that the Electoral College votes against Trump and for Hillary?,What are the chances of Electoral college votes for Hillary?,1
How can we know what our passion in our life is?,How can we know our passion in life?,1
What are the best photos taken by phone?,What are the best photos you have taken by Mobile?,1
Why is there no ticket checking in general class?,Is there ticket checking in the general/2nd class compartment of a train? (Specifically speaking Indian Railways.),0
Do Japanese people dislike Americans because of the Hiroshima and Nagasaki bombings?,Do Japanese hold grudges on Americans for Hiroshima and Nagasaki?,1
How much does it cost to build an app prototype?,How much does it cost to build a prototype of a mobile application using an outsourcing company?,0
Is Healthkart a reliable website to buy protein supplement?,"I intend to buy protein supplements from Healthkart. Which protein should I buy: whey, soy or casein?",0
How did Trump win America's vote?,Why did Donald Trump win the 2016 American election?,1
Who was the first person to draw the map of the world?,What are some tricks to remember world map?,0
How do you pay a credit card bill?,How do I pay my credit card bill with another credit card?,0
Which is the best field after 12th (commerce) for girls?,After 12th sci which field is best to earn in crore?,0
Is the gender pay gap a myth?,What is the truth about the gender pay gap?,0
How is the Indian cricket team selected? Is there any particular procedure?,Who do you think is the best captain the Indian cricket team has ever had? Why?,0
Is it bad to put almond extract from the baking section on your face?,Are almonds bad for the environment/water-hungry?,0
What is the original cabinet position?,How can I design my TV Cabinet?,0
"Saying there is infinite energy in zero point energy and infinite virtual particles in vacuum energy, is this a real or just a mathematical thing?",Saying that zero point energy is infinite and that there are infinite potential virtual particles in vacuum is real or a mathematical thing?,1
What are movies that everyone should see?,What are the greatest movies I have to see?,1
How do alkali metals and alkaline earth metals differ?,"What are halogens, alkaline earth metals and alkali metals?",0
How does Russian politics affect Australia and New Zealand?,How do Russian politics and geostrategy affect Australia and New Zealand?,1
Is religion doing more harm than good?,Is technology doing more harm than good?,0
What are some ways to prove you love someone?,How can you prove to someone that you love her?,0
Is it true that all Russia or China has to do to destroy the US is drop a nuclear bomb on Yellowstone?,What happens when a nuclear bomb is dropped?,0
How many times did Thomas Alva Edison fail exactly?,Who invented the light bulb?,0
What is the best method to lose 20 pounds in 4 weeks or less?,Is there a healthy and safe way to lose about 20 pounds in a month and keep it off?,1
Why did RBI issue new 2000 rupees note?,Why is the RBI issuing 2000 rupee notes?,1
What does Bill O'Reilly think of Donald Trump?,What does Bill O'Reilly think of Donald Trump as far as anyone knows?,1
Who is the most beautiful and powerful superheroine?,Who is the most beautiful Bollywood actress?,0
What are some of the movies of Hollywood that you must watch?,What are the best top 10 movies of Hollywood ever?,1
Why do some people dislike Michelle Obama?,What do people in Illinois think of Michelle Obama's school lunch program?,0
Can I work as a freelancer while working in Amazon India?,Is it illegal to work as a freelancer while working full-time job?,0
How can you lose 40 pounds in 30 days?,Is it possible to lose 40 pounds in one month?,1
How can I apply for summer internships?,How do I apply for a summer internship?,1
How many users does myminifactory.com have?,How many users does dailyfeats.com have?,0
How do i get a custom bike in India?,"How can I register, custom bikes in India?",0
I'm fat. How do I lose weight?,How can I efficiently lose weight?,1
What is a research engineer?,What do research engineers do?,1
Is it true that Moses saw God write the 10 Commandments on a mountaintop?,I'm interested in doing a 10 minute web series. Is it really true that you have to have a writer on the staff? What would they write?,0
What are the best shooting ranges in the U.S.?,What are some good shooting ranges in Israel?,0
What would be the best laptop under Rs. 50k?,What are the best laptop buying options available under 50k?,1
What will be the expansion of (x+1) ^(1/x)?,What is the expansion for 1/e?,0
What is the best language to learn programming?,What's the best programming language to learn in 2016?,1
How can I ask the right questions in any situation?,How do I learn to ask the right questions?,1
What is a good text editor?,What is the best text editor?,1
What is Vladimir Putin doing to retain power?,How has Vladimir Putin retained power in Russia?,1
Why do Quora users write their own questions?,"On Quora, can you answer your own question? Is it bad form to answer your own question?",0
How do you know what you want in life?,What do you want in life?,0
What is training evaluation and how is it done? With the help of some game play?,Is the signal u(t)+u(-t) periodic signal or not?,0
What are the most loyal dogs?,Which is the most loyal dog?,1
How will issuing of new 2000 Rs notes help curb black money and corruption?,"How the black money be recovered by simultaneously demonetising 500, 1000 notes and introducing 500 , 2000 notes?",1
"If you cut a bill in half and give it to the bank, would they accept it as half the currency?","What if RBI and banks would come up with a rule stating, we won't accept the currency notes if anything is written on top of it?",0
How do I deal with stress at home?,How should you deal with the stressful environment at home?,1
How do I deal with culture shock?,"How can you overcome the depression, homesickness and anxiety of culture shock?",1
Did the string quartet on The Titanic really keep playing on until it sunk?,Was a Titanic ship made in China?,0
Is there an optimal guessing strategy in the game Battleship?,What is a good strategy video game?,0
What are the best ways to speak English fluently?,How do I speak fluent English with confidence?,1
What universities does Care.com recruit new grads from? What majors are they looking for?,What universities does Walmart recruit new grads from? What majors are they looking for?,0
What are the safety precautions on handling shotguns proposed by the NRA in the entire U.S. including it’s territories and possessions? 3,What are the safety precautions on handling shotguns proposed by the NRA in Hawaii?,1
Should developers release mobile apps under their own name or a LLC?,Why mobile app development?,0
If a simple pendulum is suspended in a train which then starts moving with constant acceleration then what will be the effect on its time period?,If a simple pendulum is suspended in a train which then starts moving with constant velocity then what will be the effect on its time period?,1
Is there a way to truly know ourselves?,How can we understand ourselves better?,0
"""How do you """"bring back"""" an overgrown grass field?""",What big and comfortable car for 25 years old single male? Price range up to $33000.,0
Do you belive in god?,Do you believe in God? Why or why not?,1
What does it mean if one dreams about baby elephants?,What is the significance behind dreaming about baby elephants?,1
Is console gaming dying?,Should I buy a gaming laptop or gaming console?,0
How do I make money with YouTube?,How can I make money through YouTube?,1
How do I pass CPA exam in California?,How can I pass the cpa exam?,0
"What is the Sahara, and how do the average temperatures there compare to the ones in the Kalahari Desert?","What is the Sahara, and how do the average temperatures there compare to the ones in the Thar Desert?",1
How come liberal media asks Ivanka Trump what she feels about her father's treatment of women but they do not ask Chelsea Clinton the same question?,Why does the media never ask Chelsea Clinton about her father's treatment of women but constantly asks Ivanka Trump?,1
What is the function of DNA ligase in DNA replication?,What is the ligase's function in DNA replication?,1
What companies are similar to IDEO in Brazil?,What companies are similar to IDEO?,0
How do I become a millionaire now?,How do I become a teenage millionaire?,0
How do I fix my sleep cycle?,How can I calculate my sleep cycle?,0
Can a judge force someone to stop taking their legally prescribed buprenorphine?,Can the people of India force the political parties to fulfill the promises they make during elections? Can their be a legal way to do so?,0
Which are the top Digital marketing agences in India?,Which is the best digital marketing agency in India?,1
"""What does the phrase """"and the horse you rode in on"""" mean? What is its origin?""","""What does the saying """"do not look a gift horse in the mouth"""" mean? What are its origins?""",0
What universities does Trinity Industries recruit new grads from? What majors are they looking for?,What universities does Chart Industries recruit new grads from? What majors are they looking for?,0
"How do I identify fake Nikes, Reeboks, Pumas, etc., when bought from Amazon or Flipkart?",How can you identify an exact reebok shoe model?,0
Justin Bieber (musician): Justinbieber what are you doing now,Can you see who views your Instagram?,0
Who is working on end to end encryption at WhatsApp?,How does end to end encryption work in WhatsApp?,0
"Can a person not having his ear drums, hear his own voice through eustachian tube?",Can a person be awakened from a deep sleep by his own fart(s)?,0
What is the best way to apply for jury duty?,How can you request jury duty?,1
Who is Vladimir Putin? What is he famous for?,Why would anyone like and support Vladimir Putin?,0
What benefits your Child can get if you are IAS Officer?,"If an honest IAS officer gets transferred all the time, how can he lead his family? What will happen to the education of his child?",0
What are p notes?,What are these notes?,0
Authentic graduation in one year in India?,What was the name of girl behind siddhu in Anna Hazare episode?,0
What is the best fact that I should know?,"What is an interesting fact that you know, and I should know?",1
What is a polite way to ask for a signature from your supervisor or a boss?,What is the best way to ask your boss for a day off?,0
How should I make a good film?,How do I make an indie film?,1
"What is the difference between wine, vodka, breezer, beer, alcohol, and rum?",What is the difference between Vodka and a regular beer except for the alcohol percentage?,0
What are some of the methods of excreta disposal?,What is the IEEE WISE program like in Washington DC?,0
Why did the Indian government develop a 1000 rupee note but developed 2000 rupee note?,Doesn't it defeat the purpose of demonetizing 500 and 1000 rupee bill if the Government of India introduces new 500 and 2000 rupee bills?,1
"If you could change one feature of yourself, what would it be?",If there is one thing you could change about yourself what would it be? Why?,1
What is the difference in pronunciation between 'v' and 'w'?,If the pronunciations of the letters V and W are identical in English then why do we include both letters in alphabets?,0
What is the difference between onshore and offshore employees in Infosys LTD.?,What are the different job levels in Infosys?,0
"What is the best lens for a Canon EOS 700D, which improves quality and is around $600?",Which is the best lens for a Canon 70D?,0
What video games do programmers play?,What kind of games do programmers/developers play?,1
How do I earned big money even online without investment?,What are the best ways to earn money online without investment?,1
How do I teach English overseas?,What's the fastest way of teaching English?,0
What is the best way to get experience in cyber security?,How can I get into Internet security?,1
Which in the best bicycle to buy under 15k?,Which is the Best cycle in Bangalore for 15k?,1
How do I switch career from QA to dev?,How does I to switch career from QA to business analyst?,0
Where can I find a PDF or online text of the Mahabharata in the Marathi language?,What happened post the Mahabharata war? What is a book on it in Marathi or Hindi?,0
Should people over 92 not be allowed to vote?,Should old people be allowed to vote?,0
Can I use Linux in Android?,How do I use Linux on Android?,0
What is derivation Of E=mc^2?,How did Einstein came up with equation [math]E=mc^2[/math] and how did he prove it?,0
Why did Quora give a NET: :ERR_CERT_COMMON_NAME_INVALID error on 2016-10-21?,Is a Jungian feeling type the same as an emotional person?,0
When was the first appendectomy performed?,Who performed the first appendectomy?,0
Best 7 day itinerary for Morocco?,What is the best itinerary for 3 days and 2 nights in Scotland?,0
What is the best question?,Interestingness: What are some interesting questions?,0
Why does the US try hard to prevent Philippines from having a good relationship with its good neighbouring countries & Russia?,"Why is the Modi government trying to improve military ties with the US (who supported Pakistan in the 1971 war) and Israel, rather than Russia (who prevented the UK and USA from attacking India in the same war)?",0
Can a non-US citizen start a business in the US?,How can a non-US citizen start a business in the US?,1
How many publishers exist in USA?,"I am 14 and I am publishing my articles in my blog, but they don't reach many people. How can my articles reach more people?",0
Would you cheat on your spouse with a celebrity?,Who is that one celebrity you would cheat on your spouse with?,0
"If Barak-8 has been designed to shoot down Brahmos, any thoughts why India helped Israel in joint development of a missile killer for its most potent short range cruise missile?",Is it true that India is now not selling Brahmos Missile to Taiwan?,0
"If someone without any formal education proves a theorem, math community respects the guy but an equivalent would never happen in social sciences why?",I am a PCB student passed in 2016 but now I want opt for maths. if I do 11and12 again or just12 with pcm will I be eligible for two attempts in jee?,0
What companies are located inside Manyata Tech Park in Bengaluru?,"I am planing to join IBM in Manyata Tech Park, Bangalore. They have given me Band 7A. I want to know what is work culture and what is meant by a 7A band?",0
What are the qualities of a good researcher?,What qualities define a good researcher?,1
What do you feel about Donald Trump winning the elections?,How do you feel about Donald Trump winning the Republican nomination?,0
Why do so many people ask questions on Quora instead of searching the answers on Wikipedia?,Why do people on Quora ask silly questions about the facts which can be googled very easily?,1
I am textile trader and deal in raw cotton fabrics. Can anyone suggest some free software for inventory management and billing?,Which is the best billing and inventory management software for a toy wholesaler selling approx. 100000 units a month with around 500 skus?,0
"Should Trump show is birth certificate, since he forced Obama to show his?",What steps can I take as a male to become a gym-rat?,0
Do women hate each other?,Do women hate other women?,1
How do I know humanity?,How do you know you are a human?,0
If you are told that you have only 24 hours to live how you will spend it? With whom?,"If you only had 24 hours to live, what would you do? Specifics please.",1
What will be the impact of the step taken to ban the 500 & 1000 rupee note on Indian economy?,How is banning 500 and 1000 INR going to help Indian economy?,1
